Close,High,Low,Open,Volume,Return,SMA_10,SMA_50,Volatility,Action,RTG
246.1228485107422,248.0968060321082,227.11439811378423,240.42944286501015,329566100,5.721830879897554,-1.922723072124674,-1.3361456887881664,3.3903939244126278,0,17.07771031089465
219.19114685058594,234.7725780910604,216.91561153342053,220.4065784730682,297240000,-7.445628561724161,-2.041859470522463,-1.3654150259542914,3.9778825440622594,0,10.798804091859198
231.0257568359375,234.10550046036911,216.65062185131984,223.93413457519435,262070500,3.594198344276277,-2.123485984594915,-1.3893792520370967,4.2490849349850945,0,17.814145166364643
219.3282470703125,226.97731522464503,208.38011597518343,215.90124320983887,327597100,-3.4739167906060247,-2.2488508506822567,-1.41817354383621,4.304165162573323,0,10.272034979539356
219.79429626464844,226.07257629627384,212.21833983048688,218.6428280834812,289322000,0.09022109840006136,-2.355443781269145,-1.4464790176717286,4.314680871429615,0,14.501662853815938
210.3224334716797,224.72694441324552,210.04665824854578,222.94361386702494,347158800,-2.9646273664543323,-2.4712671826649935,-1.478944758373733,4.354034730788368,0,14.988785286891307
204.9448699951172,211.13136077030381,200.63362552870024,209.761700043424,326025200,-1.7806288298235793,-2.5572452840255266,-1.5141936442398753,4.343161532816231,0,19.200396281822428
223.51356506347656,224.38685570948732,214.91866545634184,215.48859069772814,235494500,6.067524280699699,-2.6326780353146706,-1.542123889544632,4.922905461218004,0,20.64708201831135
226.85958862304688,235.6475485646317,220.38813506232896,225.0946467428511,299430300,0.9580002859655231,-2.677618705480511,-1.56956483404017,4.9536808541345705,0,14.552242779144013
240.10592651367188,241.57669068866082,228.93713222179323,229.36917691277907,257632800,3.8913013144429915,-2.652452821942848,-1.5918435610160135,5.101068119041491,0,13.154823841340546
232.95420837402344,239.74740334734355,230.77561023510842,232.81632774238852,224341200,-2.065548144924272,-2.677246719449006,-1.6170711699161207,5.131664318872078,0,9.643581771814015
240.51951599121094,241.2365231887897,233.05528002333395,235.05003225521446,171369500,2.140605263856661,-2.6370896954164595,-1.6403887220055553,5.08327555309604,0,11.966806239824715
236.93447875976562,242.06383359967347,235.52804049293425,239.5175449357564,194881100,-1.0602866674006903,-2.6259647619190907,-1.6654113571904976,5.061231294137036,0,8.049594729396814
226.271240234375,236.8517165673258,224.2029473107463,227.95345349544075,189554600,-3.0937140872795066,-2.6128925039555875,-1.6942272160941088,5.004166889525121,0,9.780801303504393
231.4925994873047,232.27394638304975,224.83728566556516,225.38883620204277,177660400,1.5055835787669287,-2.5908669547654513,-1.721089889726214,5.024786157558191,0,11.216614256835813
228.1465301513672,232.86224312191504,225.41638201331432,230.50897330571124,135561200,-1.0298142654312492,-2.5573077700943037,-1.7493438600286022,5.023010454978376,0,10.650615550845398
243.47024536132812,245.4374352742941,228.12811933562622,237.01718131949536,188061200,4.484183451001607,-2.4847722464336113,-1.7708096589163524,4.993521302452795,0,12.492466442545304
243.7184600830078,252.8189437055567,243.49785113917028,252.06515907675276,201427200,0.015543597026366419,-2.44673049792838,-1.790367683013816,4.847686672511771,0,8.428187012902855
251.89967346191406,253.71057980948646,243.8287365741532,246.31987245584386,153774500,2.2144298835564022,-2.399585060693046,-1.808010798851728,4.7843042776355995,0,8.731349514673196
255.7329559326172,258.4906799949257,253.2234169368293,255.16300272853678,189999200,0.9747126182639717,-2.370162511233387,-1.824116902108102,4.230427962387689,0,7.506472951997353
253.39813232421875,255.09873482436922,249.49135568607434,254.75861993494436,114839100,-0.6701162179219897,-2.3316707193868265,-1.8414674652318805,3.848967517818011,0,5.781673726640738
260.87158203125,261.89192674380104,253.260262690421,258.2885153744186,134143400,1.9391111152294453,-2.29335187748695,-1.8539543473869273,2.9765422297239703,0,6.9151769551977
255.32847595214844,261.0093805310118,253.21420410146158,255.15381785852156,121775000,-1.4887993410325533,-2.2587196849156874,-1.8693521506032016,2.8763911158456725,0,4.538130083900065
256.560302734375,257.4151905782351,253.49003955687044,256.6062535871755,131798300,0.27259583595693393,-2.2016914797718155,-1.8859865846899921,2.6132149659024617,0,6.663404455215784
263.4913330078125,264.098007563754,259.5937309187142,262.3330800222529,146684800,1.7717257514836153,-2.1414443083860513,-1.9013182093150927,2.635342375912874,0,5.752496719113669
258.8492736816406,263.6293418674101,258.6286646448618,259.78689014098177,100109300,-1.2435077337890528,-2.0836372251683346,-1.9187841725427897,2.463309829174812,0,4.802923470380477
250.9897003173828,255.5859076947366,250.05205605846757,254.38170360611178,126385700,-2.1045846309349403,-2.0694796057370963,-1.938598162302113,2.494748139587598,0,6.613740465415144
256.560302734375,258.30685593614993,254.5471616484955,255.87087162422512,92951600,1.4460582076762456,-2.0453010020861084,-1.9571673817932724,1.9070549314827228,0,8.442511243363768
256.5419006347656,261.00942882801934,256.2385632888214,257.83803449166567,104709700,-0.05817503028228239,-2.03656062316095,-1.9759431787368442,1.905630518168462,0,7.138966214445434
260.11773681640625,260.7887931290741,256.00872668784143,258.0586450832086,85063200,0.8883150506964942,-2.0283049637541373,-1.9941155681037706,1.6250434622768477,0,7.689780971314387
263.8682556152344,264.98973134296574,261.6345055515394,262.09412629154366,77896600,0.9207380380165328,-2.008591830047154,-2.0107511403266733,1.4973742842325477,2,6.8918482265081975
262.65484619140625,267.86692903854635,262.3514808302591,267.51761283020494,105270000,-0.36399127538278797,-2.0052343027433257,-2.0280297019709903,1.427708607130435,2,6.3023192573661335
269.5307922363281,271.06593788395355,266.9569272587203,267.98647324976343,118745600,1.7152098307936265,-1.9784942012108877,-2.042418536028035,1.426602052111352,2,5.8069191875770585
267.0212707519531,269.63191314520935,265.2838909183048,268.1519197995434,122901700,-0.6823288061188355,-1.9587983050401188,-2.0583069736271526,1.1256153033085101,2,3.6032856452280426
259.9523010253906,267.18672684650835,258.78484641412496,262.26877941171466,125180000,-1.8417841032536857,-1.9654615895806786,-2.0763798738030737,1.2377101646347517,2,4.7249519978511065
260.6693115234375,260.9726488665371,256.58787713450204,258.06784244223917,80873200,0.1330077271505712,-1.9620348248397226,-2.092988073277677,1.184942984286891,2,6.084921555354367
263.0776672363281,265.8905433416998,260.797938736248,263.49133703836077,79569900,0.5708340882873706,-1.9392756173790775,-2.104881423198702,0.6590602969931593,2,6.729466904315892
261.2943420410156,265.1643400964349,260.86229750373474,264.77827445640764,73632600,-0.5112754125394193,-1.9303623746949155,-2.1140831386974894,0.6753669021625276,2,5.864260060721423
264.44732666015625,266.3777389730855,263.9417551736114,264.511680282958,75250400,0.7618618088883388,-1.915478049466108,-2.1217011665378402,0.5402294455555676,2,6.856059931191842
268.82293701171875,269.29175906737254,266.45127866866704,267.5819556045888,76452400,1.0644783304931924,-1.8990879105320693,-2.1228546272497795,0.5460319728855372,2,6.5105208442411175
268.8780822753906,270.25694423577727,266.4696745397316,266.8925176860717,79514200,-0.03947116486428941,-1.8896554157986778,-2.123556949201212,0.5233439710072076,2,5.653667782104999
263.5189208984375,270.4775563533977,263.38101225836226,270.0639145922281,95870800,-1.3998379605375146,-1.8880285371307686,-2.13069505148486,0.4751794856715609,2,6.059394542235801
258.8584289550781,263.9969859100772,256.43161777077114,262.95823845859854,144721100,-1.248108580300011,-1.9081224480127272,-2.136542047565016,0.4504994080490287,2,7.857477461321098
261.9562683105469,262.08494754129237,250.94374432958452,256.42244422191715,121977900,0.7551411837261341,-1.9176588276310376,-2.1455666621870484,0.4686254428404651,2,9.100772226464482
263.16046142578125,263.2064122806066,258.6194060692483,259.5662237134552,111146300,0.2572230363161798,-1.9116185076492644,-2.1505573085620058,0.3486139890227306,2,8.494220471285272
271.1762390136719,272.78491161799025,269.06199481206295,269.3837068905075,119703800,2.004420916598448,-1.8918360790466988,-2.150806997230765,0.43674810944290315,2,7.625996672835253
268.39093017578125,272.28850498888653,268.3725554456711,270.5787293388812,95189300,-0.7472174781119929,-1.8818322749047096,-2.1441086868354806,0.2666657004122725,2,6.510149490166333
272.95037841796875,273.81446769296434,271.7002234133943,271.9300337939139,85861700,1.0943275837477227,-1.8598863056734296,-2.1405779012092863,0.2341247698765461,2,7.081907555403849
271.0658874511719,273.63057861267043,269.97198802595636,272.82164175506375,78293900,-0.5197503798816243,-1.8474248885349094,-2.1329166356930203,0.25135962014015023,2,5.93625921019294
271.58074951171875,271.7554076657255,269.5400319702441,270.781013781808,63958200,0.07498739856136658,-1.842232482959519,-2.116024499999392,0.2264223488418962,2,6.617285468436528
274.9267578125,277.7856136973342,271.59910780063615,277.5466019109484,88951400,0.7790008392577497,-1.830844044991887,-2.1051737344900228,0.2172714978147655,2,6.6349229071478115
279.0173034667969,279.05408097269293,272.89515320041767,277.72116990088165,104817400,0.9518229215844242,-1.8016637116452674,-2.0826365299054475,0.2361794723916878,2,5.521303108080821
278.5025634765625,282.06002314727544,277.8315071665672,280.04688227031033,90405200,-0.17795998227530035,-1.764677762233164,-2.064751468173233,0.12698535276187958,2,4.72649522362448
279.7435607910156,280.3318607230198,275.28523421175083,278.03375713092686,119090800,0.2477002254572042,-1.731187872457598,-2.041992321298739,0.1010879214850152,2,5.090765744206904
280.8741760253906,281.4808786671015,278.5852740999053,279.10004699838373,55758300,0.2197081134926497,-1.697836515014741,-2.0189828247168355,-0.09601747516451102,2,5.474312202916994
283.1998596191406,283.24583851794176,280.4605383804992,281.7934214913829,74267200,0.5060499709827389,-1.6751984587044553,-1.9915290560714747,-0.09222932728794211,2,5.437665554583379
286.9687805175781,287.92479945173847,284.9096887083299,285.18544991384636,92567600,0.8457367209058936,-1.6402201076767826,-1.960629701059746,-0.07876114414422505,2,5.55557832468482
286.21502685546875,287.722596417164,284.1191573072027,285.98521647494385,75794400,-0.23077391526442065,-1.6152454458741892,-1.9370093357866873,-0.09706785725799584,2,4.804236956259555
293.550537109375,295.32466622909004,291.54659764607965,291.61095127500704,150524700,1.6781030515616868,-1.572911378476227,-1.9118860847709522,-0.009426490526485518,2,5.418036101754755
297.0988464355469,297.2918792842742,293.817147742069,294.35949682860377,73641200,0.7632646940105576,-1.5248659407459155,-1.8904161931917305,-0.027909837537878436,2,3.4418809814243687
294.88348388671875,297.17238620785696,293.5689472426089,294.43303648292283,77479200,-0.5570753391378953,-1.4872914443890002,-1.8670867194139351,0.0016984497456267356,2,3.261589136571051
293.2380676269531,296.35431008693706,292.52106030785467,295.4626446212481,95000800,-0.4302874872187126,-1.4605166092210908,-1.8472270317652837,-0.11787091189295423,2,4.7424612769205705
276.3331298828125,286.9411829598361,275.7816075129834,286.3069041815128,209243600,-3.947911842549014,-1.46460121580244,-1.8323851045725918,0.5434829885272354,2,2.794505147555741
279.6424255371094,284.11912678025476,274.48549461766504,283.3469673510181,194678900,0.7557110836705607,-1.4647916331191535,-1.8122795622793555,0.5435067144424073,2,6.137509420493356
282.2530212402344,283.38369810345534,272.7756459737203,273.9522736793171,135782700,0.5773435314754306,-1.462195545248367,-1.7931575247868934,0.5488326987625687,2,3.482620630817739
287.6857604980469,290.1493485974371,282.8229940315134,290.0022666173974,137627500,1.2469836284767888,-1.4537494972540672,-1.7707284086439434,0.46820000125781436,2,4.1860083670017945
286.49078369140625,289.0003228615567,285.75537372521586,288.7061588750805,83398900,-0.333943093334659,-1.454649469019818,-1.7545220746836436,0.4461753994641009,2,1.7126921967940458
286.6011047363281,287.0791002022098,284.5144366960276,284.97405743157583,80828700,-0.027314958467640132,-1.4539225621176597,-1.7383676868649605,0.4132291376318263,2,2.027680686304009
284.9631652832031,290.26282089573067,283.01501607269654,290.0689386157883,135549600,-0.4394186518379438,-1.4700908539606188,-1.7259122873941726,0.4094940521842618,2,2.8914751921652835
286.791259765625,287.1882662143913,283.21814537378975,284.3630116638021,74649400,0.38005924491645815,-1.4894979639413437,-1.7142122654117358,0.4117264306824545,2,3.618875105327428
288.1115417480469,290.37360494908,287.70529343295135,289.44107656536517,68471200,0.25767632308643,-1.5022481672699082,-1.7011353229126251,0.3959364572891361,2,2.9173826699914747
280.76220703125,286.68971915216207,278.9248757908203,286.07110475847367,132813500,-1.7766062465712393,-1.525737700410728,-1.6936422946070329,0.4908436859559887,2,2.012205624440239
283.77215576171875,284.03991677797876,278.1677990684482,280.1897990735888,89468000,0.670919906706888,-1.511731512735133,-1.6829272317104014,0.5063364868813689,2,2.957735810449837
277.0321350097656,282.88579689027085,276.45048811590635,282.67343082724625,127961000,-1.6579011339480894,-1.516646164143655,-1.6752152559073867,0.5990891999971306,2,1.4815913447830054
281.10382080078125,281.24230815078425,275.99804720322345,278.28780803699664,79773300,0.9395848727765156,-1.518809877147733,-1.6685804282152146,0.6310281821701463,2,3.774201656051761
284.7046203613281,286.40349236880866,280.51291980961736,280.66986274061657,113394800,0.8120366262686575,-1.5244227636898444,-1.6588404203209524,0.6455894595153826,2,1.2145954883624348
286.698974609375,287.96390105074033,285.360225806475,285.8218691543317,72396500,0.4199040213591567,-1.5240307821163308,-1.6453883240171885,0.6259835002542392,2,0.5292757927541953
288.27783203125,291.4816381800891,287.61306444434035,290.13361923832963,69344200,0.31870609879670836,-1.5208738422755832,-1.6334399641841042,0.6288468141951722,2,1.1482166728613517
292.72802734375,293.3097024538688,291.3523392224344,292.10019917073765,61713800,0.9895533208805594,-1.5062541706861194,-1.6198082320640643,0.5625675777355897,2,1.898277794585764
289.70892333984375,293.1620068643434,289.3303723806456,291.1861878161966,82910000,-0.7500866070926429,-1.5007607977284274,-1.6086608901270367,0.5521187299945648,2,0.48745612173996855
291.9248046875,292.03559459185783,288.7117847552177,290.4752376937071,54638600,0.4633870106349723,-1.4935811915197945,-1.5980916638530642,0.5561647479626727,2,1.6964420850292004
290.2628479003906,292.7741885974815,286.84667618527334,292.53412506328704,83354200,-0.4379357560681891,-1.4756933979810016,-1.587691410554525,0.5563606830792334,2,1.6134332571902354
293.2266540527344,293.49441511654214,288.7671911665096,290.1982744487149,57550400,0.6364750302831634,-1.4578924816247287,-1.578764905564574,-0.10788113755316299,2,1.3566299046647927
290.68756103515625,297.95382235069326,290.03203541314804,295.57175522796825,102997500,-0.6383119001451806,-1.4321820643180543,-1.5698495405129278,-0.09922493304790256,2,1.8648217377050758
294.45465087890625,295.2302084419288,288.0654935599894,289.2657551792314,93657000,0.8221525027504228,-1.4070451398412307,-1.5568521065930871,-0.08353939994561979,2,1.4893994066741831
297.1597900390625,298.25850331831754,294.77769489481517,297.6768282673625,87196500,0.5673092612456138,-1.3835945635322557,-1.5431057216302118,-0.1435945762711005,2,1.7898737568719731
296.18115234375,296.6335538163291,294.61155366216747,295.25786563140133,54622500,-0.27581385298631644,-1.3657415323581608,-1.5306352562263503,-0.14592100761291285,2,1.7679541596205182
297.0397644042969,297.8245636451662,295.2116468030746,297.18749364064047,62774900,0.14251317875791172,-1.3492445781580482,-1.5171695425263831,-0.14611307737268361,2,2.5937316737079428
299.4403381347656,300.18819807974637,296.02416620162734,296.7720261466081,56308800,0.49263972658666927,-1.3366066486486925,-1.5039872707034936,-0.15313896239269395,2,3.484711908800894
300.07733154296875,301.8500257092292,299.089408300806,301.406866255897,57292200,0.09038230589030384,-1.317085023969051,-1.4922133790888854,-0.1570737006519632,2,2.497849984683175
301.785400390625,302.0993425839799,299.6064578581787,299.71724772573134,57792900,0.33120906887447005,-1.2985195079647633,-1.4798168120580057,-0.15555148882765893,2,1.9296722619246485
298.1846008300781,302.12705222700146,296.8181548399038,301.42534546893273,75738000,-0.8593913451718643,-1.2836044424630402,-1.4667578498101936,-0.3105879399502339,2,1.461638078334812
296.26416015625,297.2889945895657,294.7591987366895,296.32879697000857,73766600,-0.4884237115553884,-1.277885430156303,-1.45266667858346,-0.30575024147982766,2,2.226860503564594
298.4247131347656,298.60013985296814,296.16264956413676,296.95669073754914,48293000,0.43933754650422846,-1.263317930843115,-1.438928593966772,-0.5222286216785341,2,1.63486863208618
296.53192138671875,298.8124400440667,296.2364629605237,297.695243153104,57495000,-0.4818145457504244,-1.2594068487929901,-1.4263571793387122,-0.5360315818528993,2,1.4128135058197475
300.1789855957031,300.7422051686178,297.37218596811334,297.4091253277657,48454200,0.7775530761120976,-1.2537223115586806,-1.4154315095279817,-0.5395665966627442,2,1.7134304587094376
299.1079406738281,299.5234309444589,295.1193636875488,297.2059723944225,61861700,-0.2943727553070987,-1.2482117585232282,-1.4038600566890158,-0.534365607164294,2,1.2531096261968027
301.4715881347656,301.57316433195354,296.67972751036586,300.8991548415424,84986800,0.4805244579310005,-1.2398675269095016,-1.393115787380349,-0.5268667915828962,2,1.7235160100445908
303.5674133300781,304.3337288211006,302.58873177456934,303.1334674949773,53077900,0.41632272193761394,-1.232097075417896,-1.3808720869744755,-0.5822776294730172,2,-0.05877706238241753
304.7400207519531,304.7400207519531,302.7087786426871,302.7087786426871,41917900,0.20762526835707462,-1.2233181705992968,-1.3683806062896862,-0.6408954122117608,2,-0.761333141752599
306.6327209472656,306.89126826301356,305.7740711107244,306.0418321331255,42697700,0.36625559526651225,-1.2141916421337098,-1.356436603563534,-0.6459003772675088,2,-3.331292430809314
308.682373046875,308.8024048039593,305.72787305800415,306.05102897866146,43679400,0.39824495854778263,-1.1944264510673595,-1.3452614290252327,-0.6687780368331783,2,-3.0642830074745486
308.904052734375,309.19026937092656,306.80817379233406,307.71300494507875,57308300,-0.004813815156628329,-1.1706280787360328,-1.333808836683818,-0.6890931485346465,2,-4.220111294344395
309.82733154296875,310.0119719811735,307.41753855083357,309.3564462990686,44282100,0.14858942854692375,-1.149159244507166,-1.3224759325753082,-0.7471986239474104,2,-3.511409069550081
307.2697448730469,311.6461421704279,306.54036880387395,311.0090722127674,69601100,-0.6110007621338379,-1.1289420852412748,-1.3125324167472388,-0.7408944309253181,2,-2.5205674208752775
311.5538330078125,312.32939037175544,309.67956233416606,309.7072598051472,53774400,0.8885737339295269,-1.1075255382055913,-1.3018511472960608,-0.702435312343868,2,-0.4530739291107102
310.9906005859375,312.30167990291056,310.06731402303166,310.7874764150394,41816100,-0.17545941287447586,-1.0851528824945527,-1.2928018500656289,-0.7087404432706605,2,-0.07742582386281449
310.9998474121094,311.53536940593125,309.8734366603985,310.60284094610125,47260400,-0.05132076146318708,-1.0672130890548466,-1.283465121733566,-0.7064614328346149,2,0.029279746291448153
311.98779296875,312.3847994629521,311.0091113811264,312.0154904409857,35481000,0.1612758783619644,-1.0513592098724365,-1.276519594379259,-0.720953173986013,2,0.8761555994349307
312.6618347167969,313.08653872718406,310.78753558782734,312.3848317893029,38733900,0.09262483727264986,-1.0364440294538044,-1.2706568368384077,-0.720951258797923,2,0.5624913330276577
311.3599853515625,313.5573840389721,310.7967658103232,313.0403457388199,68054200,-0.33461895980923995,-1.0275435425464416,-1.2644499483241856,-0.7118543074807976,2,0.918388685032998
312.3294372558594,312.80953621709097,309.5041820857971,309.6334275776199,42207800,0.15701503712808126,-1.0206768550785525,-1.2572580087535623,-0.7991050876395126,2,0.5443084791491023
313.4373474121094,313.658927181265,311.6553828469121,311.9970225596553,55106600,0.18631053830712452,-1.0121415741051172,-1.2432804212114972,-0.8392570844054749,2,1.2692573439482862
316.613525390625,316.68737593780014,313.40971903177535,315.8748790364872,48588700,0.6312466841672937,-0.999364537678512,-1.2293529806362884,-0.8225330225409042,2,1.8728775911179303
317.7214050292969,317.804497448592,316.01331905096947,317.176669274047,38463400,0.18306146515903637,-0.9796861663362276,-1.2159916305688538,-0.8700235255298373,2,0.8249696261688
320.90673828125,321.1744711148294,317.76756939870836,318.3123051250386,50790200,0.623962741084179,-0.96207652917348,-1.2034769043162103,-0.889312571949981,2,-0.2244404284172552
321.60845947265625,323.0580264245903,319.9465546023267,321.7746725008695,58034100,0.09439535248062854,-0.9420852390904516,-1.1902476700083124,-0.9167800420015136,2,-0.6173143708354704
323.6857604980469,323.8150341294469,321.44218112275126,322.6332285667158,48588900,0.38302523023078,-0.9182002194104204,-1.1762774516101628,-0.9228205027797457,2,-1.2276480263708045
322.5132141113281,324.350545281418,322.2823924798507,323.47343998768525,66099200,-0.2980520687687005,-0.8983829709847031,-1.1621319142655333,-0.9026938054069171,2,-1.2590555013843494
325.5509033203125,325.6524513348711,322.4486452873158,323.3442345333608,54908700,0.5829728491572401,-0.8741154503760763,-1.1475307086086,-0.881227289974368,2,0.0742650110098324
330.2596130371094,331.2290526523332,326.31716140186785,327.46205589368293,69540000,0.9237968012116239,-0.8385312574089224,-1.131653043065407,-0.8223745205199827,2,-0.6661985582398872
318.8939514160156,329.0408614690771,316.3087321994255,328.5699763174422,148011100,-2.378243616583541,-0.8261715991925205,-1.1172883742821658,-0.325133306598827,2,-1.4551942175436618
316.290283203125,321.14675134230083,309.18096542994215,319.5771810982591,139156300,-0.6049075696114,-0.8208000956158636,-1.1050384198758403,-0.298988499786667,2,0.5706489439643121
307.6482849121094,316.3548979684875,307.3436127666007,310.8797876425356,114465300,-1.8991777060050568,-0.837679838036843,-1.0935049623888817,-0.10020299003530372,2,1.8611187218747571
313.7235107421875,316.18866978492355,310.787438417005,311.6553299341424,91462300,1.280731267659486,-0.8452070678924639,-1.0812167482150894,-0.03014720803241747,2,3.8491105884781938
308.2762451171875,316.2534284676327,307.3160189497297,315.59790272492,90569500,-1.2263325417309596,-0.8689877430199445,-1.0723370447616052,-0.0010393435664862744,2,2.4966166068650044
308.43310546875,311.11987273507737,305.6078508539459,310.05809882812946,84680200,-0.01895460382469564,-0.8937942813859934,-1.0641495464941177,-0.001312757759349806,2,4.251796656548624
312.4955749511719,314.2682976219797,308.58084878107974,311.59998582152673,65605700,0.8364795473936345,-0.914863147316234,-1.055026442861299,0.037192873748392107,2,4.078602316826957
314.0743713378906,315.7824287686118,312.5047730661032,314.9514765797402,52920900,0.28798126132420115,-0.930751788863342,-1.0469850283874442,0.04026379846643656,2,3.386487394849819
312.82794189453125,316.74266767813356,312.5509390358151,315.31158485907184,82096000,-0.3214331904194958,-0.9547065631065873,-1.038275826920533,0.043404279170622236,2,2.439231015119402
310.0765686035156,311.79389633261354,307.44519615617884,307.9714762809404,91523300,-0.6475007224648052,-0.9927071713587196,-1.0314378476806083,0.05644734603758446,2,2.685266944801864
306.5068054199219,310.9933980198159,304.0224987247291,310.88216462887675,105877900,-0.8310760605616409,-1.0160296727736229,-1.0253185611580031,0.07980608384627118,2,3.20021679237404
303.0954284667969,303.2437490415965,298.2380498714508,301.91817103397455,99450800,-0.8052245589599438,-1.0408729270918076,-1.0216008797867002,0.0958509758144585,0,3.675490227393673
306.1823425292969,306.7385377490843,302.06653750783966,304.57868073084774,63612100,0.6347091773206663,-1.0436330013904476,-1.0157638165307912,0.09610491456094761,0,5.340715641528127
299.08172607421875,307.01669609895345,298.5811474715118,306.73858430221924,93112200,-1.6200212949128112,-1.0712005333904,-1.0140207438314373,0.17951611415790758,0,4.75871982297586
299.8788146972656,302.937845386202,296.448968406663,297.7652958983576,76681300,0.12671693066041786,-1.0870112038153654,-1.012996455819999,0.15141226041657566,0,6.7031716510124255
304.7268981933594,305.514810507984,298.15459715590544,299.02593448186957,71069400,1.0388449014663135,-1.0939892457671985,-1.009777174598643,0.2190550145278076,0,6.253387080631463
309.788330078125,310.50209652529975,307.8972775754779,308.88915578763124,64584600,1.0687672205211205,-1.099086442684232,-1.0049746425791766,0.2733125710624995,0,4.91964911564721
308.1011047363281,310.3258566144469,307.4058680063376,309.58428208482565,51304000,-0.4212683519652355,-1.110332900811912,-1.001712031711311,0.27498335456942347,0,3.683690971686982
310.43719482421875,313.58892978637374,308.5739508757094,308.76860928712824,104081100,0.45889935619658934,-1.1148341961020152,-0.9978093514884189,0.267505257268213,0,4.112350365443264
312.43017578125,314.0060289873834,310.5484025217798,313.03270872151455,88698700,0.380378182796007,-1.1104028277504878,-0.9937993415813079,0.22752355583069653,0,3.862933105103695
309.4638366699219,312.40238366370073,307.00733868479756,307.48010881582076,89431100,-0.6947391085936321,-1.1048353333870742,-0.9895503230907683,0.021754648053918503,0,4.009593545588175
314.9516296386719,315.1370091924181,311.475444751699,311.5217825678193,45713100,1.1446668633234465,-1.0825124941556945,-0.9825105373730396,0.0841187374152625,0,4.522137966533786
310.47418212890625,317.18555337279156,309.964353167819,315.0905642737861,90128900,-1.013734231176073,-1.0744318244706847,-0.9779713631519965,-0.037494926220269606,0,3.4205221825447643
315.87860107421875,316.6850714131168,313.40354507518236,313.43135342172144,56999600,1.1226268529482126,-1.0428066913627856,-0.9706832453317834,-0.057146633802713655,0,4.724166284012176
318.6780700683594,318.7429656383515,316.89825106833507,317.81598305879504,45242500,0.5453896639941588,-1.007411479250996,-0.963714426424325,-0.1239379440154922,0,2.6284930455845648
321.52392578125,321.9874170889095,319.7070477762188,320.32811028649445,59528600,0.5499636611011081,-0.9757860588508268,-0.9552700657816786,-0.11252188239562658,0,2.4950605481390937
326.69647216796875,328.1703711128486,323.5725453203997,324.063844968693,80388500,1.0334934138508627,-0.9439514322194686,-0.9457675604523547,-0.09505536911065729,2,2.2956685376148487
324.5643615722656,326.73349705593574,323.60029192754826,326.55736813172996,73255500,-0.4942221975310493,-0.9129544349312205,-0.9378577673960905,-0.07988887142987204,2,2.2125468975980795
322.52508544921875,326.23301626563176,321.7927894812495,325.139183464214,57727900,-0.47779541686822236,-0.8901953711167105,-0.9311579279896659,-0.0724530889319742,2,3.0383719901327213
322.12646484375,322.60848562858945,318.0755552653786,318.6131927450355,60357700,-0.13682511471536554,-0.8719392114290165,-0.9253212556087849,-0.0969604920804305,2,3.007437315489433
321.9317321777344,325.13908342610574,321.75560325500436,323.4797769752981,89501900,-0.09416891994208357,-0.8484646749447029,-0.9203300689065831,-0.14122346872687477,2,3.1052081993716474
317.03729248046875,323.82278285072874,316.1381183278607,323.1924415429291,68425600,-1.0804155830338018,-0.844537791819716,-0.9172661835015925,-0.11006968345660004,2,3.3279846695004625
318.3072509765625,321.55168968171705,317.6212929886074,318.38139712826285,60051900,0.2172824202377952,-0.8297897005854554,-0.9140716998518799,-0.12491561017804599,2,4.118477135436886
317.70477294921875,320.43010419590195,317.3988528335673,318.2609399062844,63575000,-0.18119759286073395,-0.8263513866952362,-0.9101407041820908,-0.29276897739841734,2,3.3551966354683698
319.44744873046875,320.0314522737697,315.7766056873438,317.9179331532719,55399300,0.3172322435994618,-0.8249028016102378,-0.9071670879159688,-0.2913097872121554,2,4.01353572277787
320.5320129394531,320.7266713466308,318.0755149322923,320.6710546588657,49143900,0.1760336285406894,-0.8267703737421522,-0.9035727276160673,-0.3414149814911736,2,4.577850978935163
314.6086120605469,317.9364759234132,311.1138698437013,317.14853512100905,91473000,-1.3017686144960072,-0.8495293800982083,-0.9022132642679335,-0.2886848828035398,2,4.410088080582708
313.52398681640625,315.285247709324,313.3107706813909,314.95154762591665,65994100,-0.2862333574325679,-0.8703161824775293,-0.9016345622923363,-0.29462651373166865,2,5.419422960651339
302.80810546875,313.5518292002192,302.3168058775529,307.8508925089764,127094300,-2.36233402069964,-0.9074392852194442,-0.9053465759757304,-0.018376980886559122,0,5.918748479914075
305.8856201171875,309.0558836435642,301.35266323095533,303.0397777544152,90597700,0.6332650186012774,-0.9380175252945927,-0.9074088326245948,-0.0025267008884077074,0,8.122290933617343
302.6968688964844,305.61685806950385,299.0445556385391,304.30980936954535,120287300,-0.7575833283220639,-0.9742328993794603,-0.9110375324453576,0.0012198436611857667,0,5.78459715859182
306.0896911621094,308.0919488492275,303.3458020708051,306.0896911621094,86068300,0.7038884096376855,-0.9948450280584761,-0.9138054794686917,-0.04535398390984691,0,7.069841473417453
311.4939270019531,313.55182927466103,306.1730565274314,309.324791356006,93294200,1.139431077221727,-1.0076731450507288,-0.9157340913468796,-0.012209287402069401,0,4.960171749337078
318.45550537109375,322.53422180901174,314.79391399214484,315.9711713220192,126959700,1.4564927296307295,-1.0062596670811534,-0.9154575472644174,0.03083112521064777,0,4.891913229757893
324.66632080078125,326.473947874862,323.38708050703286,323.7393383605878,82039700,1.264221839177422,-0.9964335819375346,-0.9140412690813011,0.09244691841710614,0,4.337373722696384
324.5921936035156,325.843625628691,322.2654584902254,324.3789774456897,74973000,-0.06875384272021333,-0.9887890793772014,-0.9129172619523703,0.07861596134697169,0,3.072937277541421
328.6708679199219,337.77384161254093,328.20737673340466,337.39377544488605,172304200,0.7955550916802954,-0.9623126834196163,-0.911039314375633,0.05766446566333662,0,3.8561906777131276
328.1889343261719,329.24567980133196,324.91668681292754,327.67907691220296,85552000,-0.15238838804530835,-0.9347015404530414,-0.9089012049786456,0.04775406053231471,0,3.2731876151570662
330.6269226074219,331.4519224764257,329.13446579265536,330.3766191804443,58649000,0.44852218927799054,-0.8823243098720664,-0.9069890098516431,0.04527909364827267,2,3.8601469390207495
327.41949462890625,330.67321239286036,325.6118956516911,329.6164387197169,67546200,-0.7086991656931357,-0.841780360609963,-0.9080589152781396,0.06939910910959514,2,3.3133121962254912
331.9524841308594,332.69405891618226,328.8099994489029,329.32910745648184,62892200,0.881963901927265,-0.7866979285539646,-0.9031396150921557,0.10224881819684163,2,3.939246355853773
336.09600830078125,336.2906666795862,333.33359062429173,334.6221097113151,74541100,0.7899307854767694,-0.7302020759868457,-0.8956785695609314,0.058804833612062166,2,3.1130772365554016
334.2884216308594,335.49351584362677,332.17490268135197,333.68588866910596,66111000,-0.4166612807818364,-0.6872846329049361,-0.8856429221894458,0.07279410190046817,2,2.6035202588771837
330.265380859375,335.1042314744775,330.2282936319934,334.5573150999779,70591300,-0.8663485894270189,-0.6650490156068014,-0.8794114085484452,0.11249033831439424,2,2.908344970718012
331.65582275390625,332.02661012404343,328.29087149861675,329.63500754078495,59940900,0.23108879866596369,-0.6518891909593292,-0.8706040514641546,0.11097562544689948,2,3.7368658722600903
329.3847351074219,331.6002372367879,329.31058894212913,331.3962999206507,70417300,-0.5159383030547053,-0.6428658004187578,-0.8627113304495637,0.12565579377611671,2,3.164934977630677
331.359130859375,332.61984167212626,328.9582497650771,331.1922808117231,63230600,0.3516177552172343,-0.6378043426601426,-0.8556052109402829,0.039012195589532575,2,3.5082258361674845
336.6986083984375,337.24552471708824,333.05557370732873,333.9083818251607,62415900,1.0352684436254815,-0.6217823400411889,-0.8470823993802074,0.06583097644324677,2,2.5836555039039792
336.1794738769531,336.6429651228615,335.085641326032,336.61515677967736,45330900,-0.15749072009247947,-0.6113280041610114,-0.8382856074180024,-0.28804796391246074,2,1.5771123051888856
337.11566162109375,337.58840335197755,336.10522603114066,337.27323276830356,28514100,0.13480114190784934,-0.5930720743071338,-0.8280996685981686,-0.29366286122480567,2,2.4256995543447726
335.6232604980469,336.60585962287183,332.9442959525929,336.33702679385095,83872700,-0.35240045507556744,-0.5861607416204502,-0.8171311634828745,-0.33636412127360926,2,0.6097339061990938
339.2940979003906,340.83289212462,338.2836904492131,338.87697278160647,74231400,0.6855622082990448,-0.5801393829285129,-0.8034947063735227,-0.33728558330082803,2,0.560720631663185
340.00799560546875,340.16556682393974,337.60711378492744,338.1818385379717,45927000,0.08881416059837946,-0.5693705769293315,-0.7907521919500249,-0.3838732590527262,2,1.4594038423418227
339.91522216796875,341.30569594652076,338.81211070717654,339.90594329021474,62882000,-0.07176271395370333,-0.5512018690086988,-0.7753697420749319,-0.48675123001921744,2,0.7901187492603811
342.844482421875,342.844482421875,340.40651392671566,340.499217834335,50749900,0.5288475079526604,-0.5301358760011605,-0.7591840785058295,-0.5702784548786809,2,-0.08630158233778695
342.1399841308594,342.6312837481267,340.8700225705228,342.07508856328803,48944300,-0.19214894354636333,-0.5061203107135333,-0.7450901366649252,-0.5651712473572529,2,-1.5044734330427327
343.1412048339844,343.7066507125633,340.82374804124925,340.87008586139694,42458900,0.1443646254164965,-0.4839370380670359,-0.7325257232984,-0.6030281586755318,2,-0.1228457573210795
340.06341552734375,343.95672367700945,339.229137230219,343.7991525497169,74098300,-0.6592751184062153,-0.47760178384063623,-0.7204851514476299,-0.5630948723774973,2,-0.6568745526599074
339.95233154296875,340.99979809475724,337.82025463669373,338.6916205245105,57735400,-0.07539726073703426,-0.47049825262516276,-0.7093664583509066,-0.5739830505163297,2,0.9135832345656576
339.5536804199219,339.9615549854479,336.7356739717107,338.255910570185,57698600,-0.1325508748926282,-0.46590795418973935,-0.6991487206978949,-0.6191436052604625,2,1.3561751877178017
338.03338623046875,342.7980607861549,337.8572573213051,341.7227861576118,69216200,-0.35580262554200776,-0.46137017278131576,-0.6883862412114434,-0.666771183568577,2,2.1203832283564985
342.6034240722656,342.6034240722656,339.2014144838981,340.5733303397869,63865300,0.8600008551745095,-0.4551393780243743,-0.6779694906874479,-0.656686480105495,2,2.5138260727688646
343.1412048339844,344.0589086713419,341.9361103282016,342.816755225148,58420500,0.05271335876839972,-0.4492401760057424,-0.6656634457145735,-0.6739456636370251,2,2.0033768776587584
345.0599670410156,345.2639043286698,343.95685556996756,344.78188359842443,64119500,0.32443053312375564,-0.4395536574470058,-0.6546704879173677,-0.7495946593581773,2,1.812114764593977
343.6822204589844,345.51616164558806,341.67139953282106,345.3486003375375,136542300,-0.3230676397205449,-0.4379763654249404,-0.6452511355021344,-0.735649298440995,2,1.6647162547957823
342.45330810546875,352.3212124729903,337.0259763287473,339.76292408601836,96386700,-0.2948930635179415,-0.43738643947723116,-0.6373667953080014,-0.7565221533444225,2,0.951523179732344
341.8761291503906,342.8908436114936,340.74970717574905,342.7791360979551,47949000,-0.16719092343910677,-0.4397683222313281,-0.631648443097426,-0.7591799990757302,2,1.068100126230782
342.18341064453125,344.0918139440392,341.8575780688017,342.84436581711367,46201400,0.007391041791046325,-0.4357767983455364,-0.6250111436955162,-0.8690905510863616,2,1.7213854392737211
343.51458740234375,343.54251428118584,342.07165131242414,342.65811576810853,26457900,0.209482095857021,-0.42906978792144757,-0.6171041557423952,-0.867830369937181,2,1.1289495873943736
346.4656677246094,346.8566440369137,345.4416347950201,346.06534457269254,39000400,0.527038623280486,-0.4160559077472567,-0.6079352967386269,-0.8406756769800537,2,0.5227148688038066
345.8047790527344,348.1693596640355,345.2182860136059,347.99247990906485,53680500,-0.18219468764802102,-0.4014239400486276,-0.5989420440894455,-0.8527570022995172,2,0.32239106657985644
346.2981262207031,347.33147772383484,345.90714985399984,346.62395879952305,49455300,0.04305107933442441,-0.3944675599339703,-0.5879191498636082,-0.9037682646181249,2,1.5399287224119313
348.0575866699219,348.78371400805713,345.59061740637577,346.1026197103733,78520700,0.28990987029133963,-0.38521100298687266,-0.5767118545950476,-0.8954022759300229,2,1.4094322832468444
343.3191223144531,349.5191455225328,339.6233135802176,349.38880113928235,110210800,-0.9730463854793988,-0.3884886630395745,-0.5670626331742503,-0.7881786850087455,2,0.8869549099039183
345.6836853027344,346.7728905061342,342.6302231348059,342.67678687742756,66426200,0.411957166548687,-0.3847203077893046,-0.5571791396556606,-0.8002804577804505,2,2.080513741184536
347.75042724609375,350.94355285159054,343.6263959355806,344.17564365417195,107997700,0.3505716505768643,-0.37474689916950704,-0.5469256484338919,-0.7899941812011505,2,2.3447630396656787
352.9170227050781,353.6617584095082,349.9473414971712,350.1242211986964,68766800,0.9503717738340938,-0.35395911999646773,-0.5324944274289343,-0.7065186063039276,2,2.910529402595767
354.92791748046875,355.14201412513074,351.0552285052697,354.3041791798379,71677200,0.3316028950035925,-0.3299637800846659,-0.5168970882589178,-0.7507142975014075,2,1.8669185384487086
352.53533935546875,354.294789546003,351.6323323911676,351.7533583363595,51034700,-0.5087300915115105,-0.3129795207357744,-0.4981642645758008,-0.7192689289359846,2,1.5601622672817115
352.6098327636719,353.6245473333701,350.3662785938468,352.7215686990142,52547700,-0.039054230833151786,-0.30141129526542576,-0.48056271369861014,-0.7221036144555177,2,2.3362393283756226
353.5594482421875,354.55552607698144,351.7534339254866,352.5354151126377,45303600,0.12860755018673184,-0.2868108147996142,-0.4614021922603558,-0.740952540547728,2,2.8131259231047934
352.32122802734375,354.80683398556437,351.9861054675014,354.3041217359534,49989100,-0.28992311709737884,-0.27547052701647373,-0.4439862380436207,-0.7906976296317867,2,2.6558167832165083
349.7518615722656,351.50199335982205,347.88999385755534,350.70140387922305,107160000,-0.54599807973072,-0.2722805485646496,-0.4295740319591533,-0.7571218240581845,2,3.0926111788234705
352.4981994628906,353.0381571629389,350.72943031381647,352.2096121579822,51233300,0.47714149444876547,-0.2549981947561578,-0.4167497556768121,-0.7454778965646389,2,3.3545855947255103
357.376220703125,358.21405551285824,354.397220924243,354.78819724418975,61836100,0.8815474997567546,-0.2329835052138358,-0.4044275583682131,-0.6930433433074498,2,3.5498192655891643
357.70208740234375,358.36307102761856,356.780471791413,357.93482091297085,47840100,0.008270730188233948,-0.21424653318267053,-0.3919546787362367,-0.7060401226438414,2,2.8407449008196464
356.4360656738281,357.59973334100926,355.467886219974,355.849572623992,52860500,-0.2924337344273746,-0.20762088392951317,-0.381495207870923,-0.698533407425218,2,2.447242896166203
357.84173583984375,358.1954668974896,352.3212755983803,357.17146221981005,70402000,0.2130921618301667,-0.20213475073703097,-0.37032465485501354,-0.6979311453742165,2,2.191722247896022
357.2831115722656,359.20083303759526,357.05037810890184,358.7912198692873,42665300,-0.15879156699637312,-0.1931956517485473,-0.3602829604169164,-0.693514385893915,2,2.564525920267758
348.551025390625,354.0528491035127,346.31678932489797,353.95975001538807,123351100,-1.7044287564242437,-0.20083756867844846,-0.35232246857022614,-0.47213817673389796,2,2.052983455249672
351.548583984375,355.55158851320573,349.9287680398475,350.36627971281166,94198100,0.5276609865035697,-0.20462362113256446,-0.34494039129102516,-0.45335650157316304,2,4.4365683397758495
344.5107421875,350.65491209093165,342.83504399028214,349.6867328043069,126765100,-1.405781314442691,-0.21932919311082966,-0.34177046379014436,-0.32773986603898875,2,3.9966105042462727
350.2452392578125,351.27856215518443,344.7992707610039,347.90858629226074,75817600,1.071172557642543,-0.21840026228423853,-0.3357593461834365,-0.2580417046194351,2,5.334505368023038
355.1978759765625,356.75254834286187,350.32910906965094,353.4291069607294,64450700,0.9019532225692195,-0.21331731506381024,-0.3263669871377993,-0.2701771280727478,2,4.190595130635299
355.4771423339844,357.19937586145977,354.2017673399159,356.026389967423,52427100,-0.00021460597754126236,-0.21689289720074986,-0.31739322075840715,-0.27766811068306263,2,3.665827194949695
359.51739501953125,359.563930354463,355.5888524983493,356.5104680448607,47142600,0.7144995574514938,-0.2134750385201714,-0.3060418995382732,-0.2567820364013341,2,3.1688331435941013
360.9323425292969,361.63986132194566,359.47079802689495,361.3885194186946,48669800,0.21255202912423318,-0.2050094546514953,-0.2949013289362939,-0.30481420046374413,2,2.5467087002011373
363.5390319824219,363.5855673167599,361.52821120762786,362.38465454642807,38365200,0.43457093581837464,-0.19428259332376877,-0.2847902311880386,-0.3003086378392501,2,1.8640414728555612
363.2969665527344,363.89277790526904,362.29157040764335,362.7011552001997,35551100,-0.09831255351726692,-0.1829597154522052,-0.2745747583109264,-0.3178922428232402,2,1.3972738488946694
363.138671875,365.18673775500156,360.7368749883138,365.0377849264699,59154400,-0.08276500606485476,-0.1554941147497327,-0.264771589610635,-0.3172820739032927,2,1.9817358178985172
363.7252502441406,364.63757587962465,361.29552590667186,364.21864417530406,42913300,0.055794782628895145,-0.13256790429239754,-0.2541852453096909,-0.3176863364925073,2,2.5028574652876623
365.52191162109375,365.7639351240039,362.8501073798465,362.9245980037026,50593300,0.2803738077985512,-0.09300810343122383,-0.24430492477662505,-0.3223325686521001,2,1.7247604995301313
365.2053527832031,366.94622301748575,364.4885439172145,366.75070644597713,50972400,-0.11183656894100781,-0.06484122229709921,-0.23481278913187262,-0.3451387787485607,2,0.7881160467714404
365.2891540527344,365.54049596951603,362.4404702799734,363.455213196624,52290600,-0.03782768788494107,-0.04584137783866537,-0.22525413575437914,-0.3541648630177633,2,-0.5886299201855646
363.7345275878906,364.479263411607,360.9603340863235,362.68256763974955,59712800,-0.3408420959634486,-0.03029438425932424,-0.2173846143223448,-0.39112802870346897,2,0.2074039682497395
363.09210205078125,365.2798021216173,362.64524360763886,364.99121492183093,83241000,-0.17264744451789937,-0.023563930785983487,-0.20949170936656386,-0.3890300872786319,2,1.5322621913926255
360.29931640625,362.7104315988189,360.02933764280306,360.3272432845483,67414200,-0.5729525770462708,-0.02475579149829598,-0.20302805044777672,-0.3732316226010655,2,1.4796859712451316
360.7369384765625,362.0868041909318,353.9411313866223,358.0930892269746,107284100,0.028725244910388744,-0.03003156929050947,-0.19524009543707166,-0.3766071641225669,2,1.4172559195631953
364.7120056152344,365.1402557134538,358.6609345710552,359.6477223454717,72433900,0.6910965290634075,-0.02736733569322257,-0.18591284007628098,-0.34702333678700414,2,1.1580807013275636
355.9239501953125,364.81438610383606,354.4810139951626,363.4459121163381,146670500,-1.6811645062378306,-0.040951203731566334,-0.17974597026715203,-0.3521464468171974,2,1.1404286213538095
354.0900573730469,358.949534192139,352.1071917346127,357.8045035066823,152701600,-0.40141372961147564,-0.05909233159425607,-0.17369723668714088,-0.3600324928328084,2,2.7129673334742015
362.6732177734375,363.92069420530373,354.28552261817083,358.95880058810565,105348800,1.5842454189776827,-0.0644558484458001,-0.16613671346123443,-0.34453057582473584,2,3.749728660373027
359.8432922363281,363.12948863062655,359.34057984344565,362.8967550944585,79595300,-0.5804709324830614,-0.07455152865581177,-0.1598448441173487,-0.3794990010175022,2,1.9622702212370144
355.0768127441406,360.11314003050495,354.9743952442966,359.1449892511198,119940200,-0.9481830455518718,-0.0937793108014538,-0.15607138258025402,-0.37510387667729433,2,2.6234784671395053
350.6828308105469,357.47863729094,346.19572234702065,354.8906420427798,183433000,-0.8893243427522843,-0.11835302751170038,-0.15343417175753327,-0.3325161059026669,2,3.553791863509284
357.1341857910156,358.1861456706564,346.9032310579424,354.18311275175654,152039600,1.1894787321752882,-0.12957058403699498,-0.14790371547228637,-0.2717825746088113,2,4.510635350901754
355.3561706542969,360.90453001151155,355.0769017844145,358.0931192185623,123149200,-0.3896641699223305,-0.13887753204829317,-0.1428256280542529,-0.2716770791597021,2,3.2083384568002296
360.42962646484375,362.9803758060694,358.6980749456604,359.200787117016,113633600,0.9111826688193494,-0.13945613868055434,-0.13595206769043594,-0.22866289484633884,0,3.6508846799416665
362.6732177734375,364.3675242968636,361.36062596963234,362.7756352759854,109899400,0.36719469241511005,-0.14329476562012408,-0.12873479022092477,-0.21782520397094685,0,2.4356525048568587
366.35052490234375,368.3241008085801,364.6841447736472,365.14032183828755,86245000,0.6316571657460679,-0.12366362512706662,-0.12124393472063617,-0.19241687193805812,0,2.632998986557421
366.8438415527344,366.98347596763745,364.18138400908146,364.99129202536955,64653600,0.03764021887035882,-0.09965081784523405,-0.1133182767367554,-0.19255331088464092,2,1.8824697540553967
369.03155517578125,369.2922155627964,364.95405965687513,367.0951965209388,73427200,0.3495516600644042,-0.08767934894437872,-0.10475433132812324,-0.18994871407152056,2,1.8058939342701064
368.5660400390625,370.35341719951157,367.7933490003447,369.64592676134737,73722500,-0.13854875429638264,-0.07125617139926381,-0.09702855993587735,-0.1896241182318077,2,1.3022250521389351
369.82281494140625,370.6234044689322,366.13629619510306,367.28135513431295,97959300,0.1770320233255613,-0.04349241877873715,-0.08704431263060322,-0.18763056238086692,2,1.7014730619805307
364.4419860839844,369.3200702632121,363.76239416037566,367.23478757465904,115349100,-1.0362607147839842,-0.017586700186754248,-0.07997784394403672,-0.13665264457047863,2,1.5827446614604563
363.7677307128906,365.7197518785145,361.5915342319768,364.14131823450606,113624500,-0.1783161170195025,-0.005097070947296655,-0.07394394062244841,-0.1365708316694656,2,2.716943255022234
366.6723327636719,368.0546376770292,364.22530219638827,364.2813388885478,73778600,0.48609438960383095,0.016208983481253648,-0.06876215635869405,-0.13972782624884872,2,2.718012832810939
363.786376953125,367.48494163658637,363.0018346568089,366.0372793939017,90686600,-0.5850448100883008,0.022529068675785573,-0.06542507230162892,-0.1216287505852902,2,1.8013963850648986
361.93707275390625,366.8218139815274,361.8903850062456,365.1873437728255,97588600,-0.3967526227335472,0.021143055847244338,-0.06188333067832045,-0.1444982970279701,2,2.3107036969567396
363.9731750488281,364.76703777153006,358.556056717537,360.4987572580339,116128600,0.3267148210565357,0.0166669848184683,-0.05760262831784604,-0.29587304722352714,2,1.74276624659145
369.8385925292969,370.2401983720078,364.5242270663124,365.12196135499164,114409100,1.0353429681840542,0.022305497831084795,-0.05147008653325535,-0.2516687517420824,2,2.329868218124817
369.6518249511719,370.557789685478,366.87789404327793,368.362923730932,108107600,-0.08744535983066186,0.023473340909605962,-0.044941450389189,-0.39729832767939605,2,1.602350906147773
368.67108154296875,369.3435503732095,367.07395025683695,368.3815491232856,76262200,-0.2325675030515865,0.023671112908439068,-0.03781436158427658,-0.4175241849685727,2,1.5550497218057917
370.1654968261719,371.72526109112226,369.2128443577868,369.2408627097128,112734200,0.22051244580121873,0.024316313888941826,-0.031158886493555315,-0.48763421869377327,2,2.133940413569436
374.1628723144531,374.2189375105821,371.893300729822,372.0987781059756,99682900,0.6762064650298306,0.0426187850905971,-0.024835160834870057,-0.5431107393851349,2,2.100054326611145
379.53338623046875,380.0751124291974,376.7501346334227,376.82484074553827,91684800,0.916338013506953,0.07230233957776781,-0.0166110582706218,-0.581585706312234,2,1.5067093836676366
379.3091735839844,380.35522998954474,378.63670467999566,378.9729533834397,62021000,-0.09323909031296435,0.09609496606368971,-0.007994494185397735,-0.6010874954751803,2,0.5734003641096015
379.74810791015625,380.0936770263506,378.68338221439245,379.1410247193097,55836300,0.024846623836595496,0.12614769111811744,0.00025788933677391537,-0.6492716180736883,2,0.6701641075143507
381.5506896972656,381.60672639186373,380.06566028462163,380.9996431984528,57863100,0.26734696958240056,0.16307618207617294,0.009399766467271272,-0.652667333931475,2,0.9660142288714854
384.32470703125,384.49284565597634,381.3079597789974,381.4293821457264,61104600,0.4378323638960184,0.20139401845310279,0.022876125763596034,-0.6670212915697535,2,1.1617229552663455
384.4648132324219,384.7356478067026,383.11987530124844,383.7269586097735,56704900,-0.028701589701553558,0.2289322466414919,0.035276049721187426,-0.6657909075205374,2,0.5475093714801789
385.6041564941406,386.22993756231864,383.97903541086856,384.36197181036624,56551000,0.14687127850958445,0.25896727449207246,0.050756413790848255,-0.6710772489762481,2,0.7616127904415082
384.2873840332031,386.63166239167407,383.74565783673273,385.57625685642705,61659900,-0.28402366382868066,0.28836962730513316,0.06358048313935129,-0.6631871763282358,2,0.010964299875969585
388.41546630859375,388.68632933197097,386.379390415515,386.4260781596265,60229800,0.6723751653124196,0.3227306447025174,0.07609393329999162,-0.6353272646276354,2,0.9628218669499363
389.7137145996094,390.32079778500326,388.28472190043465,389.70436564966764,82037300,0.17247313498723518,0.35200974913164557,0.08899124573098864,-0.7645686202076003,2,0.4790967555627357
387.799072265625,389.2280651111477,386.4728323712962,388.7797715143714,78498500,-0.38523127446520894,0.36757237141048726,0.09964528038975902,-0.7459430291742503,2,0.023001063917901243
384.9597473144531,387.6869614412357,383.4840383597904,386.58486845168517,81851800,-0.547954382697556,0.37821126384506687,0.10869668144754864,-0.7121802985547065,2,0.4557017914817952
388.6022644042969,388.80774177837327,384.20318450969165,384.343304744254,66793000,0.5858958342019037,0.3948818574933113,0.11813829074674079,-0.744075854192072,2,0.7195901621390691
385.0531005859375,389.2653723743387,383.9883749549103,388.43414245658613,97582800,-0.6703340320144595,0.4014761918890137,0.1263340778640912,-0.707463218590737,2,-0.4495128186391953
389.2280578613281,390.63838128168265,385.53884219304297,385.6135482901479,73209200,0.6791561281019338,0.4107082140762323,0.1361622510698651,-0.6855654491103547,2,-0.8301837913150277
390.0406188964844,390.61036333622997,389.293443913069,389.88185775138544,52182400,0.08770315097399266,0.42120633329839485,0.14607555455751817,-0.7597388232298947,2,-0.594548406132055
389.9565734863281,390.5356668911207,388.8171130815738,390.3395099382348,51303100,-0.0678864506659247,0.4294010580146895,0.1552803740638826,-0.7605478079257234,2,-0.18862661930567176
389.84454345703125,391.3482710819515,389.3775519031769,390.2274799515401,51238900,-0.07273767974519603,0.439864070121428,0.16456224193610341,-0.769771479818298,2,-0.03260025396702064
392.3288879394531,392.94532012603673,388.94787411541165,392.5717326349584,78544300,0.37718528688361475,0.4472322549762453,0.17474842217874867,-0.7647518871689972,2,0.6818136417050997
389.7510986328125,390.9092569470682,388.8544829241141,390.0593289877053,85527000,-0.4972086573331341,0.4473026415824538,0.1845491651545999,-0.7586451436849547,2,0.41715089233609093
390.5917053222656,392.1234226337819,390.09669546817264,391.740486180178,68128300,0.09237511405852987,0.4525606072539125,0.19490858350901558,-0.8350759698780267,2,0.5531321506832795
388.1819763183594,389.09728984022036,384.49276088924864,388.60228003315905,101591200,-0.4701151982213427,0.45862741558300135,0.2054123037267884,-0.8088729491732847,2,0.3797278675686497
388.30340576171875,390.05929824240366,387.7430102993665,389.82580250833166,60162200,-0.0321966881425173,0.4580647249425121,0.21579691052787545,-0.8085265743215976,2,1.0766878130350663
391.40423583984375,391.5349786293804,386.3700541332892,388.3781117451592,74321400,0.4861494154865807,0.4700226336482113,0.2258521821250415,-0.7923450870136699,2,0.7274812136341482
394.2529296875,394.90672923888695,391.4883477759264,392.17016567934985,67733800,0.4383566413242897,0.4794834553994488,0.24029115165261652,-0.7923006146569855,2,0.046265149050314675
390.348876953125,394.8319841776763,390.2274545965479,394.60783736731895,81852400,-0.7223021831286354,0.4800638432437863,0.25395026801728043,-0.7373357515022388,2,0.10417666884318522
386.8650207519531,387.8550402733602,382.9889977008336,385.8283134901169,116888000,-0.6562706449601398,0.4742430720149296,0.26306359977439364,-0.7015922185328695,2,0.4408490362783831
378.64599609375,385.3519862126641,377.32907683593066,384.0817831997545,134811000,-1.488582535898013,0.4531584624682797,0.27014679561290267,-0.5363263319398132,2,1.4716139455109836
383.1945495605469,385.12790123879364,380.14975581622974,380.19647206863493,106394000,0.758206200550363,0.43596034275342166,0.2807390720172153,-0.5256466159861545,2,3.0185002018713893
389.0785827636719,389.9285106204482,385.90304661385784,385.93106496065724,82201600,0.9840161271794372,0.43469413080157115,0.2952031955024883,-0.44801830372269463,2,2.1520157219616847
388.0885925292969,388.9011816537385,386.0711858984487,387.9671986859142,65129200,-0.22522366466539243,0.42998127348366333,0.30686407824864503,-0.45373238205196703,2,1.198700656531005
384.7449035644531,388.5929084065509,384.5861139361804,388.35006374080274,59810200,-0.6353826287282076,0.4235099576380781,0.31793515356987234,-0.44705798719672435,2,1.5384620238201547
383.7361755371094,383.91363455674485,378.57125157773066,380.0563093742371,106467100,-0.23044997332524236,0.4149107828637409,0.3267149999499715,-0.4762189726605377,2,2.3229735788757697
387.8644104003906,389.1252929926565,384.49274587512184,384.61413970744456,78022200,0.6734444490896534,0.40824600440337716,0.3362048133372028,-0.4643891237206866,2,2.6230568390970923
387.54693603515625,390.59172995398563,387.08929345333263,389.3495165134627,76578700,-0.10862579411743806,0.3956199687940089,0.3441897463694796,-0.5023664246789614,2,2.0553467224760493
391.49761962890625,392.57169424932044,389.5455703108136,389.7884149825735,51376700,0.6353475972873492,0.3977828199212761,0.35347710948474337,-0.469324314770146,2,1.6677992102588335
390.6290283203125,392.9359673967326,390.0499634392748,392.5810493076067,57451400,-0.20321302015833018,0.4048696881850757,0.3616131272117507,-0.46749760999210616,2,0.23970687781835176
391.40423583984375,391.90856610321015,390.1807204738854,391.21742785148024,43088600,0.08073731341942969,0.42889088440119905,0.37021653950190836,-0.4665074288311457,2,0.49419943591008303
391.60968017578125,392.9452688208811,391.32946821688466,392.43158965057955,56707700,-0.017869649182093324,0.4447348807295123,0.37842390341788784,-0.47941707300360115,2,0.897685153500007
392.3102111816406,393.44032258439506,392.07671544123446,393.178808495256,58520200,0.06751914464018374,0.4508193862624483,0.38892218587423927,-0.4936077881928846,2,1.4564742049918094
391.9647521972656,394.81338962959325,391.5257789418247,394.6732978465602,54216600,-0.11281816192623464,0.45811741434487346,0.3995443297292378,-0.49432082737690364,2,1.4428705059079474
392.58099365234375,393.42160100863873,391.60967202316226,392.6183609466643,49097100,0.05288205321910615,0.47287119396608496,0.4093044217021553,-0.5084907608402782,2,1.644118922271266
391.1240234375,392.2634837583409,388.79841505022597,390.26477509890356,58138800,-0.30404950626545824,0.4867810238142422,0.41960282906319596,-0.5024796469442107,2,1.1391128080323576
394.70123291015625,395.0001143194918,391.18944760771376,392.973358609629,55938800,0.564541174115672,0.4996533838161119,0.431945466836505,-0.4961028007597759,2,1.993847340055102
394.31829833984375,394.86934490806766,393.38431530836596,394.69188585185486,51555000,-0.1188720667559551,0.5124024954340501,0.44337682546682833,-0.5123563291057097,2,1.6730622826256347
394.4023132324219,395.2709105225555,392.5717146579376,395.17750652833854,47134300,-0.03893560091493158,0.5178714485487719,0.4526302629289082,-0.5486171328339344,2,1.638517958038241
393.81390380859375,395.3176311744139,393.5897570222941,395.242896577049,48436300,-0.15411722206676723,0.523867927730107,0.46173239726609516,-0.5805542005020287,2,1.6600241030702156
395.6445007324219,396.59718157596666,393.72049815041606,395.0374175201594,51020100,0.2606992555452132,0.5318514926277761,0.4718935959959083,-0.7933207821325768,2,1.9686660821843593
396.29827880859375,396.4103521952226,394.90665341979326,396.195554371816,45570800,0.058303622805486684,0.5406791796738609,0.4817381169749208,-0.8436017194240254,2,1.6382375367558446
397.1856384277344,397.28836288118606,395.16823163226826,396.41041653956006,42358500,0.09793787877779381,0.5498586273756269,0.4904110590348028,-0.953686282997597,2,1.2850536029766744
396.45709228515625,397.3723773329353,395.5791460332352,397.33503853707737,51508500,-0.17724653923079695,0.5583167991037306,0.49678641468618573,-0.9565688907315132,2,1.0514777323767062
394.2435302734375,396.8213323424478,392.19813383077667,396.59718555484613,80386100,-0.43052205814221,0.561447020763345,0.5024123594415614,-0.9888916212377732,2,0.8862389189838149
394.1127624511719,395.0934330875437,391.63771348560346,393.8325789844645,90949700,-0.07573749819646018,0.5670742144605145,0.5078236908137974,-0.9974000648679081,2,0.7307706137499068
388.7960510253906,391.52280806426444,388.5899013988071,390.82940868218697,118676300,-0.9646900730988358,0.5559559461438148,0.5105531021578797,-0.932484643232274,2,0.926086065438184
394.3620910644531,394.5495102417298,389.742497165714,390.5577162541795,72822000,0.9138167925899021,0.5560383990253734,0.5143343007212676,-0.8289134531637008,2,1.4728717367965418
396.4703369140625,397.30431488608144,393.6311114680384,394.35264939802,57700300,0.30782565620701013,0.5599320711639214,0.518856920235235,-0.8641821148487834,2,1.0700019641369771
395.9925231933594,397.3512120232172,395.9081931498081,396.5453725429614,49445400,-0.1347465441726432,0.5640339727399387,0.5227703380250788,-0.8667670359595461,2,0.601760249312769
398.33514404296875,398.7567942864678,397.88535518708557,398.13837392933584,45110300,0.34632318871205786,0.5690999122579691,0.5280622915651682,-0.8536028892321218,2,0.025098251659146142
399.75,400.1997887962621,398.75674142988316,399.08471063989845,58129500,0.18662635884292728,0.5755988081614972,0.5323321413954469,-0.8502115218542599,2,-1.5010080361659908
400.5558776855469,400.72453776466034,399.07536933086004,400.274777553691,53159600,0.08286152208632254,0.581944289992719,0.5364165095285144,-0.8500093603259109,2,-1.8047770229021713
400.7714538574219,401.57729339402437,400.237334948101,400.9401139563176,35970500,-0.0169710060510826,0.5900673640168154,0.5413033555908316,-0.851882972330507,2,-1.2819718115505325
401.1087341308594,401.78340305544015,400.2841356012442,400.3122456149289,64827900,0.0035246530917843522,0.6029931603809505,0.5473868655520296,-0.8519582060490771,2,-0.4975289769592546
403.3294677734375,403.48877689800884,401.802090469254,401.86769002620366,53441000,0.32069674519373037,0.6203463604632836,0.5529347732576546,-0.8559319505359789,2,-0.44308682285271095
406.41241455078125,406.7684938220398,403.4138793575893,404.4914967088667,57697700,0.463055695977261,0.6535144254377272,0.560981073669361,-0.8669215899079413,2,-1.010382806778115
405.6721496582031,406.68416744841574,402.936012721127,406.4686382569822,68710400,-0.1763812198901486,0.674808988175468,0.5671757530871145,-0.8643225205546811,2,-2.8881557997069818
407.105712890625,407.3868415804875,404.3414666485789,406.35609357661275,63549500,0.18540182925977605,0.6948332594111198,0.573604371209254,-0.8630630930659899,2,-2.6514055785345176
403.78863525390625,404.54763413664995,400.60268153812575,401.78335917623605,97595200,-0.6037772120559541,0.7095117684575277,0.5788150687287724,-0.8201450021499734,2,-3.7158358172271564
408.09906005859375,408.3989192878367,403.5919064673389,405.2973236629894,76238600,0.6678339032452864,0.7278952560793914,0.5856917560928148,-0.7835940189124785,2,-2.36252764107131
409.5608215332031,409.8138402584851,407.58368379970483,408.0147135517589,52889600,0.1886500539252191,0.7463670573451262,0.5921832246202275,-0.7817714792316083,2,-3.9549060596150833
408.1646728515625,410.27300986948524,407.9023031665115,408.77374227084334,52911300,-0.2836225566575992,0.7606928864005894,0.5991198308268306,-0.7706104737135221,2,-3.4939566150566788
408.773681640625,410.3479281135863,407.52743297051677,409.8606497735151,64130400,0.04746945309868513,0.7757594698456373,0.6059691914278715,-0.7756920128384843,2,-2.982896990992541
407.3775329589844,408.10842192602513,405.4753457373174,407.43375298751454,55126400,-0.2840660120402826,0.7875623556423161,0.613200379449857,-0.7881861230320553,2,-2.4996304077036884
404.1822814941406,408.60510543403905,403.78874124223563,408.55826493610124,75874700,-0.5832071465763602,0.7891680321406814,0.6191821354441522,-0.7494777167658214,2,-2.392101228427477
398.21331787109375,404.24784908958907,395.40220190953943,399.35650617263855,147987000,-1.0510050046902923,0.7737307842085716,0.6217471953351934,-0.7319418328273206,2,-2.3513153311758064
403.919921875,405.1943094468539,398.08216015939104,398.8786488172806,99608200,0.9147915132849067,0.7704316921525105,0.6253888630098337,-0.7317750771178007,2,-1.5199295600146738
407.1901550292969,407.33073371100517,403.8730586255544,405.1193075123585,64724400,0.4936249378003755,0.7705906796948603,0.6317331670891225,-0.7187106295802798,2,-2.2450079433669585
408.0428466796875,408.28648588193806,406.3842985469024,407.3681777009672,47878500,0.08813991467272665,0.7786005031060298,0.6397110988598645,-0.7215624481576633,2,-1.6556222040997821
412.2406921386719,412.5780122497424,409.2890267822298,409.97304653950414,63766600,0.6416762159269241,0.7863983622802158,0.6523666091006128,-0.6973276723071937,2,-1.2825875836094929
413.25274658203125,413.2621261186514,411.60357811733337,411.65041860813767,43719200,0.112522537514606,0.7933495136755548,0.6636898792893097,-0.6985225169329062,2,-1.7775980376210812
411.3692932128906,412.24073218061153,408.53941855758904,412.2126221686252,67397100,-0.3612273989859457,0.7993831684766586,0.6720870475204616,-0.6831622825075659,2,-1.4222479395315735
411.20062255859375,412.57807039855686,409.77633422865034,411.9971110612924,52472400,-0.08102916905609997,0.8039526094932623,0.6807936163290944,-0.6821652455000576,2,-0.8490182202918559
412.9059753417969,413.98356380892966,412.1188664980787,412.1282460330738,47435300,0.226844747245074,0.814361553194742,0.6914022175139974,-0.6791551258665043,2,-0.6451081296811224
410.9007873535156,412.3531856804309,410.207359374989,410.33855849930256,68951200,-0.3814032875434355,0.8270111467702689,0.7016354407159208,-0.671688203008045,2,-0.9952804317869495
410.0386962890625,413.16840161930367,409.68261706413523,412.61555230549715,58783300,-0.19506664909725238,0.8492759529630602,0.7099887504696426,-0.6882644014175341,2,-0.30490760300617886
413.37451171875,413.4963312941715,408.6424789249471,410.83514549410086,58053900,0.49626816111716027,0.8670770416946959,0.7197182967087371,-0.6682513680116215,2,-0.10238478658446552
411.3411865234375,413.346434118997,411.10692688961086,412.09080591322396,46732200,-0.38562981569343757,0.874892598072729,0.7271935976821684,-0.6583542144070909,2,-0.9512649936369626
413.9461364746094,414.0304665079831,412.1844995210822,412.5030891792091,38969700,0.3744942642724609,0.886007303965278,0.7359774217904959,-0.6797426397007441,2,0.032877775681888655
414.6301574707031,415.0518362349307,413.9835986168319,414.26472732503214,46930000,0.058303720462392315,0.8905061860003106,0.7447268948816379,-0.7188239827402967,2,-0.25786359920225066
414.29290771484375,414.92070760379596,413.5245291498375,414.6021178906313,41222600,-0.10827827935934153,0.8924645999480755,0.7532719288366988,-0.7214111204537297,2,-0.2532793578189372
414.8082275390625,415.52038600343246,414.05860812109773,414.74262797604996,43339300,0.030701061748757492,0.8989394207593585,0.7617471915992239,-0.7287139873642183,2,0.07480430962233928
415.8389587402344,415.93266831269824,414.75199061117655,415.87644828844924,44034300,0.11453770262375756,0.907672473731626,0.7707408811087297,-0.7277254980218898,2,0.40323017501213354
417.0851745605469,417.2257532062454,414.78944749477773,415.68899640806853,38909400,0.1491289263274072,0.9155410642627456,0.7799718892419849,-0.7347811965609844,2,0.5537144228998238
417.8443298339844,417.8630603142729,417.0478411813488,417.5350910342285,39470300,0.06963328689607992,0.9286143564784209,0.7900377374575617,-0.7738906205364761,2,0.5856551491096004
418.8281555175781,418.95932605512974,414.9862914344037,416.5417789840265,73740000,0.10573433246861094,0.9451631382040852,0.7991266280290873,-0.9221788424676938,2,0.5203710418022125
416.0826721191406,416.9447317088072,413.0935163801424,416.2700627013434,92673900,-0.4961733063346542,0.9502620588747391,0.807325519154015,-0.9701882937889905,2,0.1380060816955168
411.5285949707031,416.6354666486862,411.2849843863083,415.07059964436183,89351900,-0.792744735153132,0.9506149112410464,0.8137771874064946,-0.913487267678965,2,0.03736399486881259
412.16583251953125,413.36526951849856,408.66131690114867,408.80186698816766,92812200,0.05127953793340083,0.9472629574072614,0.8206905710378928,-0.9143052102720682,2,0.7986342854556022
415.4454650878906,415.7734343527384,412.02527954568274,412.51255797213713,72008700,0.4842230310093536,0.9487980174656017,0.8281498231425175,-0.9382449142035468,2,1.2038720337191866
419.099853515625,420.00878201499984,415.52035954108516,417.132066923601,54973000,0.5409194023097093,0.9578485283964842,0.836739439843444,-0.9006036881627109,2,0.6894447654716575
419.7651672363281,420.2992860816183,419.24980746387826,419.7651672363281,38744700,0.05391544555632186,0.9671814476290116,0.8452454092883316,-0.9172430823600657,2,0.3625674236741725
420.64599609375,421.16135587884156,419.57775837696613,419.9525966891945,40529700,0.08843025443708435,0.9762321309352556,0.8543576488946305,-0.9179504541283794,2,0.09122776488339052
418.1628723144531,420.599149899653,418.0691627312955,420.3648902398338,57829600,-0.4521240610198025,0.9782612187814992,0.8633683414678648,-0.8974754973737539,2,0.17890371234242503
421.901611328125,422.27642103261843,418.9124560362428,418.96867606210947,77235100,0.5506850257572867,0.9859002627886979,0.873836721984557,-0.8813329321603218,2,0.45688822277115704
423.7569580078125,424.5440669661629,422.33264109600447,422.5762802722132,48357400,0.2437561166862041,0.9951802053265926,0.887006899674221,-0.8838230712847729,2,-0.33730278038808353
423.129150390625,424.0005894306205,422.52946055313254,423.6632692588089,59300200,-0.15341639134334847,1.0084473049077716,0.8978437833719255,-0.9043885898995512,2,-0.5447986920555413
423.35400390625,424.58152211457764,423.11974426960506,424.0661623524176,48721400,-0.01742945588295764,1.0307121685590168,0.9079711714117977,-0.9266391468840054,2,-0.26435975287864455
424.65655517578125,425.462394702092,423.45714682758916,424.7783747777005,42501000,0.15452475704737667,1.0542296839669574,0.9187692435184656,-0.939665234531835,2,-1.8069903846179949
424.553466796875,425.0688552215791,423.11979877975574,423.5227471397682,47170500,-0.06972928988330189,1.0713782170359718,0.9286459886946574,-0.9384305060365059,2,-1.1861469397615823
423.03546142578125,424.3004693240175,422.3607924531319,424.20675973967593,51671500,-0.2948803109736832,1.0787881741868826,0.9374178911146241,-0.9274307014025613,2,-2.4842247665059123
422.5200500488281,423.2322084875442,420.599103890751,422.5013195727054,56181900,-0.13563799182217473,1.0839750637506833,0.9456920486751317,-0.9245652867946331,2,-2.9930463744230407
420.7115783691406,424.0755433312676,420.46793919543404,422.32328581858627,57970400,-0.3424853526236879,1.0840985419684324,0.9532037240188354,-0.9114301194988368,2,-1.876021989222079
417.3944091796875,423.06348035998116,417.272589605885,422.6418302154465,89948200,-0.5859903633761181,1.0826516806370552,0.9593387260168386,-0.8776371725132585,2,-2.174705054597018
418.46270751953125,420.655403124016,416.1482209113753,420.39303344599693,83738600,0.11957795349181687,1.0761769172842273,0.9650395923180635,-0.8759287796064563,2,-0.8419469080827003
416.2044372558594,420.11187210742554,415.3142391694053,419.9057224766755,78197100,-0.41790440174047766,1.0619570416180273,0.9687283604336034,-0.8641020797531105,2,0.38254396817445724
419.68084716796875,420.17747647552517,415.52039355154807,416.62609222178327,78792200,0.5109470199303372,1.055464581061353,0.9740055986785132,-0.8510948216804147,2,0.9260031494994352
419.0155944824219,420.1306441908273,416.063899796155,419.15614456363676,77786700,-0.16041605861719782,1.0472962297754655,0.9784921887119378,-0.9231579125395223,2,-0.09438537440309452
414.93389892578125,418.665861109797,414.5766789216659,418.2428600689456,118425000,-0.7114085418262664,1.028990425983475,0.9826907383385408,-0.8633777885531914,2,0.6486554054071886
408.01519775390625,410.38408955076596,403.1457660287209,408.8048283528595,166445500,-1.1797830991130789,0.997852195815177,0.9826591464392009,-0.7637609784750194,2,0.708284989792461
407.6297912597656,411.6531636956014,407.10337084294684,410.3559031370975,92526100,-0.11714262789325354,0.9688464212519537,0.9819317050190436,-0.8105679590325282,0,1.3699468721992187
411.6061096191406,413.64601007748894,407.74255702757415,409.9046386502538,102350100,0.6056667334379611,0.9482976692477543,0.9832281340207143,-0.7576862591693391,0,2.4893434757825172
416.6070556640625,418.2145452414865,413.2417239933262,413.4767340696773,76396000,0.7674718285401956,0.9405696795536891,0.986179056542552,-0.6890085457367308,0,1.2345998700608884
417.29339599609375,418.0078359804858,414.7552750846295,414.97149473457984,62094800,0.05796680719832817,0.940379492070791,0.9899144767423409,-0.7008103601552828,0,-0.3052084280834908
416.0995788574219,417.4250108387706,415.40392931593607,416.2593696919336,61371100,-0.2465992387316738,0.9359301966816009,0.9944038603825844,-0.7357402951633377,0,-1.1348632087419288
407.71441650390625,413.655480073126,406.981185972043,413.32646012046985,130436300,-1.4147172969516055,0.9199451973070543,0.9979830340380073,-0.603782117268646,0,0.25814231386750686
408.4006042480469,410.83530568589765,407.8365742138815,409.09622503378733,82329200,0.06036900128231542,0.8987067714789188,0.99967095886941,-0.5992084184131237,0,2.2950174913857273
403.40899658203125,410.58148154628566,403.07056708218,409.8764511666684,140506000,-0.8790284094328626,0.8693226904542447,0.9982465527849703,-0.5636546279520923,0,2.6016590790710623
408.2032165527344,409.88589724112427,401.613551525623,405.138703737529,129240100,0.7495309640998926,0.8566501709555526,0.9983069659694792,-0.5042583977030324,0,4.383426901660942
402.9389953613281,407.9399892875987,400.79567536580527,407.037558391636,128570000,-0.924544515298487,0.8470927040846071,0.9948029092974197,-0.4678684630246147,0,3.525354639118469
407.131591796875,409.3782739253751,403.64404918460883,404.4430607487151,90682500,0.6495994984836222,0.8461546948222771,0.9924969995500842,-0.4175389138429764,0,4.482986398125866
408.8236389160156,409.0304489893108,401.90495407806975,403.5312059070278,113032200,0.2274370674065397,0.8409158628160167,0.9915380221573317,-0.406844708210995,0,3.593306113623414
412.358154296875,415.197066176869,411.9257437150467,412.10435369862415,72437500,0.5307360363875376,0.8329160371758517,0.9919740777402788,-0.37954781774854923,0,3.142285021220211
411.6061096191406,413.5144193283019,410.9762985644965,413.1289992900791,74557400,-0.1765368327640711,0.8222080222210533,0.9914844033005193,-0.39443714561083393,0,2.94937625327752
408.6261901855469,413.86222243707743,408.56038046823124,410.9480912711501,65233300,-0.5424212493246899,0.8081371363261997,0.9906275362607251,-0.3858396086515416,0,3.049946921536033
407.620361328125,409.9516721203581,406.83073074231044,409.54746158614824,71181200,-0.21961923352915938,0.8079600493708249,0.989716521533198,-0.3909373133551203,0,2.241805910633465
409.0868225097656,409.90465316392994,405.6650899688843,408.645002322282,72974000,0.18971312993262182,0.809252060168543,0.9881012994570447,-0.41165674215486014,0,2.3446420312167597
415.9678955078125,416.11830542103553,412.28292435324295,412.7529445741557,70236800,1.0830106770675516,0.8328979377628267,0.9898442342005062,-0.3197378956763696,0,1.834496972610944
419.1358642578125,419.50249383265776,417.4625932709582,418.0830234599393,66260200,0.4611745351630165,0.8534819117993578,0.991799264632071,-0.3315377226449097,0,0.6140928219954712
420.3766784667969,420.7150792484789,416.6917073911921,417.34974716147195,62213200,0.14666576191533545,0.8863135575253528,0.9939640455015722,-0.4249139469263602,0,0.7149202856231386
423.6199035644531,423.6856846027925,421.39198327728565,422.00303260856737,46996800,0.4678726356041139,0.9173577282043749,0.9974776326265247,-0.41606884780780723,0,0.697570759280895
425.28369140625,425.5845112268091,423.96764055100016,424.0804408117706,49571600,0.2120023202537713,0.948348692354948,1.0014238609260908,-0.43444251424430264,0,-0.754464994931941
426.3929748535156,426.618575397613,424.2496836213109,424.68209422675085,41305400,0.12288092155463438,0.974773433162345,1.0053996807645569,-0.470998343833346,0,-0.9921659172109536
425.951171875,427.40825194853414,424.0052810402493,425.96058146063757,58845100,-0.12332755486075316,1.0017822966135914,1.0087396044137384,-0.46954090993754366,0,-2.36478312653049
428.2355041503906,428.56452411353644,425.2650009588396,427.041662859405,45214500,0.3089695412373345,1.0387026859296253,1.012654079865423,-0.46965376262701786,2,-2.996267257478002
428.6208190917969,430.9991201914676,428.24480866378605,429.78648871271434,56075100,0.007456167324460932,1.0782423188734285,1.0163430894037746,-0.6452720946162691,2,-4.106285581897974
426.72198486328125,429.7489164065924,426.6467655584889,429.0814956872959,72438000,-0.3526120459353363,1.1114457782555665,1.0203510414688253,-0.6273085502244253,2,-5.493249213019824
430.83935546875,430.91454608380144,428.1414439075538,428.1508248045862,51437900,0.5985129536254128,1.139445742580682,1.027625628115267,-0.699099704082076,2,-4.90706105659609
431.7135925292969,432.00500278448646,428.244840846289,428.53625110147857,70162400,0.08375288938832146,1.163127072041114,1.034989495216683,-0.7321627749004513,2,-6.383707750133581
432.4562683105469,433.07669852419264,430.7265971184563,432.70065934906575,48433600,0.06288796184570611,1.1858705071561222,1.0413976613777873,-0.8553724368768656,2,-6.690278824545143
434.2047119140625,434.51494135185385,432.4938312768331,432.62545072020157,48908400,0.21980538808193495,1.2057995697334174,1.0470878360973583,-0.8815546611042658,2,-7.140083190068584
436.8556823730469,437.25989295856164,433.198910555134,433.6407307983925,52509800,0.35912692713855154,1.2275872983822498,1.0535260306576895,-0.8776190323847973,2,-5.7354251366975095
438.914306640625,438.99890684181076,437.1094162853852,437.4572266750685,52847100,0.2650219505114486,1.2511624446196008,1.0604079143603427,-0.8925760369741321,2,-4.93111046394161
440.43719482421875,442.43007618696566,438.92374331887703,441.1422252320449,66390600,0.18106965253718352,1.278436708670094,1.0687989090653134,-0.9072527933067441,2,-4.792982818365561
440.813232421875,442.0353024166088,440.1270211428771,441.53708204527277,50405200,0.004349179588692258,1.3021180381305248,1.0759231352854601,-0.9741881969627924,2,-4.371128231277329
439.3561706542969,441.4148618185051,437.9461097849906,441.17985167362065,51149100,-0.2766306276380843,1.322330543261637,1.0817995389633264,-0.966948263259029,2,-6.016735345368867
435.82159423828125,439.35615587855733,434.3363427951768,437.6640656796384,69429700,-0.5968153931613586,1.3394632752557882,1.0865809292422965,-0.8881301071316959,2,-5.475760594921941
435.96258544921875,437.39146541229354,435.9437949662479,437.3162461048895,34848500,-0.03147444456634267,1.3491092856044222,1.091330727621927,-1.0058779436237892,2,-5.149084396308463
439.2527770996094,439.80739763161506,436.2822452510813,437.2316954723227,53466700,0.4565172861969857,1.3633040519262025,1.096829293103401,-1.0063750692215996,2,-4.61509321773971
439.40313720703125,440.7003977259758,438.2751057858588,440.54060690132917,46980500,-0.030204237238175814,1.3763836071133695,1.1024233355586797,-1.004071142469448,2,-4.1361885800448155
441.1421813964844,442.2796223088453,439.0647000337654,439.1398906471806,48857500,0.21404206051222416,1.3894454650966892,1.1092443462238504,-1.0236004354669235,2,-5.373000536253462
440.0706481933594,441.0576794109191,439.450217915438,440.8790693905585,47858300,-0.21742421323446048,1.3954985983137151,1.1158558593702215,-1.0134387659324835,2,-6.972496110459996
441.5652160644531,441.8284262460176,438.37846513160173,441.10457673089655,50625600,0.1761062018961188,1.4004897269245757,1.1237116656872956,-1.0120455383828522,2,-7.029267114348105
440.77557373046875,442.7026451488348,440.4089441903681,441.45237530402534,57315600,-0.17413955059107114,1.401126826263057,1.1325196205804535,-1.0087443618616927,2,-6.1692403381620675
439.5347595214844,445.1468026589416,439.3279494564215,442.6557009805207,72762000,-0.24350597740195348,1.398719719247634,1.1404577060909662,-1.0060016022206666,2,-5.972704926134928
440.1176452636719,440.9730857191716,436.60190232452555,439.20580466277784,73206500,0.0362602050187462,1.4001534225930337,1.1494660879030034,-1.0061248920609152,2,-7.22562946908285
441.2926025390625,441.4148123907597,437.29743052339023,438.1152611459688,61858800,0.12702254783354816,1.410454229483996,1.1576074859098107,-1.0301498880946292,2,-7.752651371434963
431.4503479003906,436.08474023421417,430.32228793387577,434.61827949039883,112669600,-1.5600600876223083,1.4019585948438535,1.1622918012258905,-0.7691295275919824,2,-8.657994051858864
436.7428283691406,438.5852997432788,434.0449166850697,436.24460804442816,86268800,0.7753682019037896,1.397232866832239,1.1705074769843824,-0.70720194392086,2,-8.349625231220381
428.24493408203125,436.20707986716064,428.0005143227515,434.29879841557255,148559600,-1.3678071166276315,1.3762242173618406,1.178128252446256,-0.5593699093517863,2,-8.161656302273027
423.48828125,436.80866888995706,423.290880760792,433.9603470803366,131939200,-0.8037019188908119,1.3429854784889173,1.1841023288958785,-0.5304499377821182,2,-5.356608804800329
429.97454833984375,431.54442870471775,423.3096641820062,423.7044938415965,127637800,0.981386393378787,1.3239765555947445,1.1910219320387543,-0.45807880414451646,2,-4.779078193374672
426.233154296875,432.70060850783227,422.0029722635854,431.6383868949673,137331600,-0.6411684179986266,1.295109370822684,1.1946481946387526,-0.45023187511178814,2,-6.842713711982793
431.28118896484375,433.1612699645703,426.36476682296546,428.78067779267633,98977500,0.7467677831382006,1.277233356266971,1.1999175579014756,-0.403482231389693,2,-5.012078324204609
440.2021789550781,440.7662090115453,431.1495840464495,436.5642266881175,95484700,1.344068829748974,1.278489972656996,1.2089972859024871,-0.2735062011551453,2,-6.1485104964811805
441.3677978515625,441.8190276116101,438.83908665382853,440.5969864571496,72238800,0.12555477958449973,1.2808437582270633,1.2216749035749777,-0.2750255491706443,2,-8.094785771864773
438.38787841796875,441.471210008513,438.1904779520681,440.07993978691974,61272600,-0.5094415039721925,1.275374747653888,1.2329714563058634,-0.2805332495833103,2,-10.265179605626049
442.51470947265625,442.66511941343407,438.53835603543934,441.09526765313603,77159800,0.5826247211930854,1.296206712378089,1.2477030302810312,-0.25913158499154215,2,-10.321254901459469
438.5946960449219,442.3454484006168,438.3126666867193,441.99763801115,87724700,-0.6517789574409945,1.2996934062866161,1.2591518518280558,-0.249814544354184,2,-9.145962306445458
435.5771484375,437.8144493976514,432.6536362786152,435.3233478323497,97264100,-0.5181212167063214,1.3134984893730448,1.2714470212780864,-0.23790375673117845,2,-8.852578847116762
442.38311767578125,442.6275087271845,433.1143023252697,435.6336329677367,116899300,1.002253975690045,1.3490736613629126,1.2847266784646243,-0.17774781199455972,2,-9.246767225355345
438.4819641113281,444.517008901416,436.930874118884,444.2350081870244,116568600,-0.6490768722836682,1.3650914120562665,1.2958993123152414,-0.15940312292577188,2,-10.79607374930923
433.815185546875,438.4092618245341,432.1077368438548,435.39999504107936,135511600,-0.7723364696041832,1.3793668500475302,1.3039824239575468,-0.13728795866965068,2,-8.714746099934915
429.2022399902344,429.5984279577143,425.5798060591172,428.73056845563246,107134800,-0.7716879734601095,1.3754526077824327,1.3106110896198628,-0.11483511082845674,2,-6.49770871069278
436.8244323730469,436.9659280734673,430.456866757222,432.6265442664553,69806300,1.146406283877762,1.3690929911715166,1.3212336933278352,-0.03488469434428225,2,-4.934148710854743
441.1921691894531,441.30536576361067,436.3716706238864,436.569793417211,58890200,0.6221578805666149,1.3687623177684716,1.333880581325313,-0.012416078643426086,2,-5.393959690420671
443.9372863769531,445.4371985113299,442.0883418877811,442.19209581442925,56439700,0.3670105889676507,1.3792107354278818,1.3470091538171203,-0.005747338897712728,2,-6.089189386281812
450.2199401855469,450.2670958254494,445.26738887680665,445.3145445167092,56808600,0.9027394131570169,1.393718133198136,1.3599122948845668,-0.09678682040513449,2,-5.719030446943743
449.85198974609375,451.68207754216996,449.087884188701,450.653837085784,47274600,-0.10854129844258116,1.4149133502688278,1.371483414330126,-0.12118584799140873,2,-7.5451180189221665
450.42742919921875,451.44622697948694,448.9558164118626,449.9557576958727,54503000,0.03308724370890975,1.4428734384268354,1.3828038794156798,-0.23940970004620976,2,-6.471544722019475
449.1822814941406,451.8613726077948,448.72005255913206,450.85198851964896,55329000,-0.24008078601882984,1.4556748946964109,1.392433522596092,-0.28363359311436115,2,-6.228036720210105
448.0502624511719,449.8426087104167,447.7767136605498,448.69175768390534,65237400,-0.2235840249966626,1.4736900736278284,1.4010099530129787,-0.32224581548807635,2,-5.560748894794861
450.6445007324219,450.7765826073438,447.003209566853,449.3143832810227,72668200,0.3378272684448465,1.5053762850723795,1.4101457830768633,-0.35534752520549634,2,-4.5547625371116816
450.4934997558594,452.78584543871375,448.635112640116,452.06889544831097,71178700,-0.07596616450555845,1.5454634396248044,1.4193911616155663,-0.37872880836676304,2,-5.363078412367899
441.8430480957031,450.89914766079016,441.74870802750024,450.12559940549204,104538900,-1.3505622602272578,1.554912482392962,1.4245172806767732,-0.367045705085501,2,-6.3802225486039745
441.42803955078125,444.1448726975174,439.06023879788046,441.3808839040391,86858900,-0.11678311294586431,1.5553565787842976,1.429341908631659,-0.36856603400387355,2,-4.891519801573524
439.6827392578125,442.61655098349416,438.32432302285764,441.4373722231892,85111600,-0.3204319286731935,1.5473461233301338,1.434224374594395,-0.3777454628897631,2,-4.249348525032352
439.1356201171875,439.35257058794156,430.73043032250024,436.4848285240226,119362000,-0.1373934735479216,1.5264765807769851,1.4373496733641138,-0.40472754566844166,2,-4.835570880794368
443.13543701171875,443.2297770827889,435.8716833675285,438.8715364116939,74303100,0.5620019987906844,1.5138306645425164,1.4416524141783849,-0.40456194180640254,2,-5.427023843643412
444.33349609375,446.3900061138433,442.37135493830107,444.8712086177971,67605400,0.12931623557309144,1.5023570156875312,1.4461267031447447,-0.4217526372895592,2,-5.701944085407647
438.2112121582031,446.0881335750446,437.1829715327748,445.43722446899045,91173100,-0.9841631186087222,1.4817007014573538,1.447635998088252,-0.4332330347766347,2,-6.065219879326379
438.39044189453125,438.73947426347723,433.8435208770397,435.06044163485194,95890900,-0.025698602025241084,1.4635132046222468,1.4482141597366045,-0.45688656147891804,2,-6.289091282032013
430.6266784667969,433.9000801446297,429.51354052849086,433.6925435130348,109709100,-1.249736287764902,1.4258236764403294,1.4450921144266806,-0.39456199688900834,0,-6.567032965676422
426.15521240234375,433.56987477528105,425.8816348637501,432.17374552013666,109357600,-0.7548116858082649,1.379999582543504,1.4397119265971337,-0.3961180627011461,0,-4.596872969466909
421.4385070800781,432.74918102362534,419.31598522013365,428.04190842212745,122379700,-0.8010487831826374,1.3415819408318925,1.432413243654834,-0.4762325393305589,0,-4.736583940572708
413.1654052734375,422.6742906855869,413.1371061330772,420.3159330270776,202271200,-1.3795074637973883,1.2883690919537014,1.42254687965954,-0.4317926783487213,0,-3.961095028885472
414.9200744628906,415.42948785761394,396.92109866435106,407.5525662882195,251783900,0.23357611048839771,1.2417459807948876,1.4146730356095467,-0.44248380867922554,0,-1.5443691324280313
409.8542785644531,414.8068298485873,402.9490001504662,408.52416133637433,167997300,-0.8781337399120788,1.1866151112621277,1.4048377346826708,-0.5296756296735984,0,-1.8813709086457457
408.8260192871094,418.8820597450549,404.5620902381432,415.7501538816743,186391100,-0.22281818502324083,1.122017386840455,1.3933756233846866,-0.5332528645566117,0,-2.0667644641033602
406.8072814941406,416.5708886311564,405.11871802199556,413.4295686804275,149878300,-0.38691640367773306,1.0513630816945136,1.3810963878402183,-0.5466551445419814,0,-3.7509809644378533
416.9104919433594,416.95764758264465,403.5810494178644,408.16568303658295,164457400,1.624463441453008,1.0112581150213351,1.371968030387167,-0.28237533706964246,0,-3.0257321260587124
424.4195251464844,424.7685575099905,414.8917534598383,416.2407272712182,152251400,1.1634415998944505,0.9849536922167146,1.366072071461565,-0.16416183023158845,0,-6.660018766533728
427.2873229980469,427.92878947837016,421.617821033728,425.14591546405666,123155400,0.4031495960874978,0.9786663583409898,1.3606934241394821,-0.159830264747678,0,-7.686826154499105
431.43804931640625,432.1644132687847,427.3816559914496,429.692858513143,117361000,0.6029242396254153,0.9886128764042937,1.3571758707826256,-0.12474917614888015,0,-6.436865019995647
421.2970275878906,427.30611843415994,420.45743842360054,425.40057576602374,118024400,-1.6412579345028433,0.9883464990113284,1.3503055063969809,-0.084919439026484,0,-9.589713827222065
423.2781066894531,427.1269342906215,418.6840011085922,421.06124440475634,118454400,0.2643441228088402,1.0073866793045034,1.3439618576081798,-0.07409186270139008,0,-7.595126670821245
421.919677734375,425.4383293530502,420.5895604027736,424.0421998784849,84472900,-0.27013919454787927,1.0205655227002652,1.336663852949018,-0.07464729199774761,0,-7.603128874909661
425.39117431640625,426.31566099325914,419.9952501952537,421.41970760411243,81012000,0.5025167340024096,1.0498183686158928,1.3343812922364569,-0.0513680283164028,0,-5.329022193948303
431.6171569824219,431.93789014237325,429.23050038432046,429.4285943501786,92589900,0.9354219238918802,1.0927294912678573,1.3324503925897213,-0.017699895503537136,0,-8.28602787020107
423.8629455566406,431.7775795121979,421.86306271080866,425.7684883309894,140103700,-1.2670161934468236,1.1248418720660815,1.3307996468712975,0.03654649346035562,0,-9.678021860458006
415.50494384765625,426.0232149227556,414.0710725267029,423.947877125735,153214600,-1.385453513694309,1.1221955080480033,1.3277922314115587,0.07342936003112006,0,-10.62729032770742
414.1465148925781,416.58035643251037,410.67501887953995,414.995546790282,123006300,-0.27419521712256945,1.1028534984957148,1.3218296282936473,0.07149562780142321,0,-9.139087886346584
420.8253173828125,420.9951122132897,418.0707431602709,418.58959908256503,88482700,1.0361329780821558,1.0906868432264587,1.3197924336318858,0.08753995288422077,0,-9.991443525770363
421.2970275878906,422.67430043142383,416.9010453564432,418.77828888356663,84863600,0.022395861436067758,1.0715933414879268,1.3160312846581799,0.06857587836702003,0,-11.151418200040009
412.29754638671875,421.2687487717077,411.693821753136,418.10854352626,102259100,-1.4964305203498758,1.0546491306815062,1.3055192870868682,0.1355492502439264,0,-9.612008210833075
409.6278991699219,413.806902341528,407.3544387638589,412.55223985255054,132642900,-0.4907616973333668,1.028948538770474,1.2935625004480282,0.06701225354159926,0,-8.44303114740741
405.23193359375,410.8259516984403,401.7321096953835,407.4204966635997,124391800,-0.7783201325903525,0.9975288770942495,1.2810722728625938,0.08321172880517361,0,-6.615927769680936
398.0436706542969,408.7128798332859,397.47765898241863,408.14686816140767,132578000,-1.251691266983826,0.9460390348775898,1.2643195186054978,0.11523038863561563,0,-8.614243309524623
404.03387451171875,404.4678331044579,387.3744592030102,387.7329054308326,213942900,0.9633371308511467,0.894105268644956,1.2513000577281845,0.1670784563307094,0,-7.829646551373041
412.948486328125,413.0333837616076,403.61880824968927,405.26965885180056,121804500,1.4372403808450636,0.8735555398470372,1.2427755792010777,0.2560417111160079,0,-8.816826099377172
411.8919677734375,413.3730235849013,406.29794921127944,407.5525830665725,145615000,-0.22617130746515354,0.8667530334723202,1.2312892106586946,0.13686931175305014,0,-9.043395216865106
405.61865234375,412.40129113186845,402.9112336256211,410.3919658423738,137785900,-1.0822491252293354,0.8506967856147543,1.218909221327542,0.0991253028629787,0,-9.38627789561581
413.08056640625,414.8068717900214,407.11863049118716,407.87329353346485,117726500,1.1894669697795588,0.8361149791465081,1.2110982506754693,0.1684781454634818,0,-7.760504959905736
411.0240173339844,416.1180643570966,409.22222854392,415.5143397383029,105501700,-0.3896643891383723,0.8167729695942197,1.204250304122325,0.14264973360221475,0,-7.653425092371854
407.6845703125,408.8165646764018,403.6376206493303,407.2883535725804,113978200,-0.6022064456346181,0.8080876645972648,1.1932729813262475,0.05265295398288341,0,-5.658639271909276
395.6663818359375,407.80720269087345,395.60034091096946,407.09969537962036,137896600,-2.044839054176776,0.7818009389964913,1.1761228911066448,0.194210195615558,0,-5.488810712322809
392.6665954589844,403.00562856631194,391.60061306814714,395.8456573433794,164772700,-0.5655167998056128,0.7581429376684037,1.1568086293227333,0.19772590166858856,0,-4.043729593941139
403.1943054199219,405.1753318232111,398.8643637492097,401.05292680024445,116990800,1.7579173162070967,0.7678405457087719,1.1390935292498454,0.3428449261896178,0,-2.245040942542441
401.37359619140625,402.2697547820951,396.61913933731984,398.5812801406087,93972700,-0.35839549811229826,0.7628317773525181,1.1208311581521597,0.28535674501685915,0,-5.164986152530713
396.2701416015625,404.4772092709991,395.7607282684723,403.8640420157582,95636300,-0.912309594944905,0.7314298128801408,1.1004294820397529,0.2615110115585546,0,-4.654227821155525
393.37408447265625,400.4963135753872,392.2326473482891,397.04370305998077,95729200,-0.5470525482638389,0.6965643677146708,1.0794058892684817,0.21059602549271292,0,-3.1472354205784225
402.0244445800781,402.6564681829762,394.7135373192979,395.98702716615037,106219100,1.4322507770906454,0.6897971982891933,1.0620674317742527,0.319974866771547,0,-3.3879950271037
410.9391174316406,410.99571571466925,400.7321381601262,405.5337798825797,144954800,1.4447009196379528,0.6857652811102066,1.0471099550254248,0.36496255493468244,0,-6.480259005093214
416.08038330078125,416.08038330078125,408.64683443641115,409.02416595069127,102676900,0.7918720263779289,0.6952853999860221,1.034146136358011,0.3959088540875607,0,-9.937148696871777
420.6375732421875,420.9593028336933,413.7297868077792,414.4678791360529,106345500,0.6865953043118351,0.7196732960558779,1.0261577889173987,0.33146417911026776,0,-13.347340591679465
420.5146484375,422.47341335215924,417.00395167542,420.46731741839125,88349800,-0.07307181529452819,0.7664575781782956,1.018279472797229,0.3208350969580914,0,-14.29085633767345
425.4352111816406,426.37201295183075,421.9055997031732,421.9055997031732,74650400,0.73716952830572,0.8281542827135495,1.0129122643178838,0.30826284432281176,0,-13.307983804131558
419.956298828125,424.3943252385868,419.871137651901,422.89922534823637,79426100,-0.9233481588214074,0.8597137408084726,1.005687192340458,0.2754192591006795,0,-16.33433413708591
426.28680419921875,426.2962761766024,420.86467470667094,421.98127067470915,64736900,0.9650319984601108,0.9066202945211034,0.9993401176469984,0.27553590449979876,0,-15.318683336549576
428.36865234375,428.64307980820996,424.33751705816746,426.92085470819296,77101300,0.27659524551827874,0.9670553263223767,0.9933259765069831,0.20166532049924446,0,-14.636402979602263
431.4156799316406,431.4156799316406,425.8799725760659,427.7725201247763,68529800,0.4272070393964143,1.0386799898402765,0.9907660209839569,0.2020247153409401,2,-15.0888121525723
436.7526550292969,437.24473588066155,432.61744319877937,435.30485728967426,86581500,0.7824023326865169,1.1040662166268471,0.9901490477445677,0.1516438718997135,2,-14.90712396674758
434.05572509765625,436.4214091697429,431.94552450928234,435.6075988323958,79666900,-0.47048860681137106,1.147590133691231,0.991440809238549,0.12212518912937069,2,-13.594963603442315
427.37506103515625,434.1125250531456,426.9208392701977,433.2892715675178,121699900,-1.093110300741634,1.1688557373681316,0.9919003403158377,0.17529904378481911,2,-13.435848155705983
428.5863342285156,429.0973012788602,425.00942048618305,428.9553659870978,89048800,0.13814048680319232,1.183821653601687,0.9945930094072679,0.15323601481889992,2,-13.776440327792242
432.2577819824219,432.36188709811455,427.96172050083106,428.7849739372156,59601000,0.5253881635953086,1.2059316092608197,1.0017853283565952,-0.08053317753235237,2,-14.022928977346
426.7978210449219,433.23247058270414,425.65283796639494,430.76271011439627,74214500,-0.9066542844352092,1.2084971292340532,1.006259812760469,-0.046213987810264076,2,-15.150496881194286
422.5301513671875,424.81067460735846,419.64402793365923,422.88029691792224,106898000,-0.7288464363969659,1.2133431752484432,1.0110349605353115,-0.13552851234152005,2,-13.582664889347944
424.65924072265625,426.47609894481815,419.70077574327007,421.6500972677455,78097200,0.28708175702644945,1.2102788009771661,1.0169995180283653,-0.1468618790933767,2,-12.779561357315742
423.5238037109375,426.4193994482609,421.9813726795032,423.9023074840411,79272700,-0.23395955834563947,1.2011569266463566,1.0232968251336736,-0.20221959234444956,2,-12.891815164590996
416.2847595214844,421.0918174503352,415.7832355906516,420.24961995400275,89770500,-1.2080345213143575,1.172668450544926,1.0230611044990108,-0.12640656720695745,2,-11.699377879655334
414.7423400878906,421.8015343492119,413.1904372386116,419.2749706687826,84363600,-0.3036402856696494,1.131227459898228,1.0194155970520347,-0.21613613907078233,2,-10.600235172500698
419.4925537109375,420.24956105130474,414.3164358847849,414.49623018176845,74070400,0.7204237084446109,1.1038079408759023,1.016479217380513,-0.3064224480202572,2,-11.12166738627631
414.2691650390625,420.8363067294956,414.16505991706254,419.71968183285964,97869500,-0.894522656914064,1.0791321779512661,1.0100115002592267,-0.30037887617357467,2,-12.49322593514163
414.439453125,416.12381899160926,412.20623239424935,413.3417722746959,66002500,-0.02555987149540132,1.0524964497006062,1.0074281727087782,-0.33718040971513513,2,-12.006813766487678
421.129638671875,421.848787018053,414.1650495021856,414.33537183065033,77821000,1.0372184326600524,1.0315443968074451,1.0066188199775608,-0.2613835766045963,2,-12.198645811415672
420.8173522949219,423.52370998577396,419.6534541721469,422.9086378808468,65224400,-0.10342566572931666,1.020284378484609,1.0062035612453795,-0.30036958841933625,2,-11.998503884574543
414.52471923828125,425.83270326471836,413.61630443070874,424.441679554067,85417300,-1.0635272953696937,1.0052117619018872,1.002110042038123,-0.28486377750633196,2,-12.506242765413836
403.15045166015625,414.54356611501663,402.5826816695929,413.43644206750025,132471800,-1.9070346853577336,0.9647150434890105,0.9913863051647614,-0.18243060474305198,0,-9.670709429812032
405.48773193359375,405.6580542602697,396.33725301076987,400.9077709224342,119647700,0.33833243470140756,0.9307567523960474,0.9844641498378783,-0.1786755600137244,0,-7.3864585291788725
393.7444763183594,403.15043882373135,393.7160892636341,402.9517005626742,103996300,-2.009823199022008,0.8883179382363557,0.976266730242468,-0.049766067047955186,0,-7.0901742011840705
394.8516540527344,400.198124069915,392.7130949238464,394.8232669941469,122030000,0.1366342119290743,0.8508677819740003,0.9689981331810174,-0.10553013843278208,0,-5.760478489815261
404.82537841796875,406.55707558525125,395.1639313315665,399.6019576141651,105449100,1.6531107305909547,0.8232524445402795,0.9629707712679899,0.08919416258552777,0,-5.868355204547706
389.86480712890625,402.9896201658994,389.1172427381389,400.83211704855785,145491100,-2.5499245676010016,0.7773039530904415,0.9511298905713408,0.28092484474465934,0,-8.374081347541093
392.21160888671875,393.57424558661836,383.2598371736033,389.93108536644223,158312500,0.3533292218979758,0.7354533985832905,0.9435632857898493,0.2915034746377098,0,-4.123272608642859
394.00946044921875,396.4224469103301,391.15169530175734,392.7130700591638,100028200,0.25634191872042345,0.6843915643908329,0.9376796394276359,0.27499522778087115,0,-3.6826127563333806
406.0082092285156,406.5759792490273,391.48290152050896,394.67183940897127,144247900,2.003967486413479,0.6565089302288811,0.9379720714303629,0.46626045182394593,0,-3.00739955706009
391.5774841308594,402.16628824210756,387.44227303458774,401.740453562189,172929100,-2.4544889422503573,0.6133039075844624,0.935536184239822,0.6321668167259445,0,-5.26474462269945
389.24017333984375,392.51427186106486,383.93159238463204,389.0130769201918,151770800,-0.45657206636505504,0.5871136547280352,0.9299632260434181,0.6201950191522372,0,-3.3092948824824022
376.77789306640625,384.5751807945014,375.1976029403931,383.33556429048593,155586100,-2.216284660696238,0.5330588096642277,0.916337345552477,0.7329487564966212,0,-1.8481406114682384
377.64837646484375,384.26282054447404,373.60779806565324,382.7582487909865,132497200,0.10274892766652914,0.5027530950366282,0.9034373889668786,0.7198702451437787,0,0.2691821532732197
371.6489562988281,382.3323933257538,370.90139206919764,376.68313878017256,142361000,-1.1265508565463498,0.4590670876733756,0.8906406118924037,0.7375756117433945,0,-0.001070159724600478
371.26104736328125,374.53514652082424,364.4573366484498,368.45061311196713,125090800,-0.12384169618748839,0.39587221140727863,0.874886715777263,0.6966268959131877,0,0.9937185644425817
380.1371154785156,381.51866715299093,374.35536749244255,375.396274457315,104174400,1.5618058506430006,0.3775569269703703,0.8632512629005901,0.8129700644106747,0,0.7959554474577132
378.5946350097656,382.26618152652463,376.2384227760437,378.49055876588955,78622400,-0.327453456924211,0.3519189073157962,0.8522927480911636,0.8098770198673074,0,0.599789716224611
386.38250732421875,386.6190757634291,380.9508763229202,384.68866921363724,83029700,1.3363416803931054,0.33755889048017457,0.8487954052725308,0.8387770094521599,0,0.8739137208438083
370.8068542480469,382.1053662434467,369.56723782398416,381.8214956417476,117674500,-2.7766356724340393,0.2712818278220469,0.8405605881339804,1.0083274243208695,0,0.6278976396186027
368.5357666015625,372.96434969897865,366.3120175133911,367.7409001168937,98510700,-0.46709450883224257,0.22789891380389637,0.8275043160260682,0.9972081387097835,0,3.6295923565650527
368.6966247558594,375.6990443299585,360.09500032544264,372.12213091455766,131432200,-0.023842417152984772,0.18921954883409728,0.8151945232514529,0.9320501358368555,0,4.175675121599199
375.59503173828125,376.36151125162365,369.4063926324182,371.72474625349577,76414900,1.2106712633571288,0.18699245915520524,0.8074059704318806,0.9890925074619491,0,3.6666801333413774
372.7277526855469,373.92003788214953,366.1700541533183,371.4691925228241,91448800,-0.5690539862158577,0.17772791548299474,0.7996282586461798,0.8996911068942922,0,2.599026518806409
376.020751953125,377.98901729728556,370.83519088442847,371.2326096418207,91472900,0.543523810480737,0.18595912631760972,0.7898323671192069,0.9134844707634739,0,2.2069249678314877
383.5341796875,385.1712435361306,377.0427561590206,377.2509375219795,82168300,1.2965468373134437,0.20906696294818972,0.7795086103629542,0.8764757848463216,0,0.2033727462897823
392.9495849609375,393.06313317262965,385.7957588445441,385.9944682150054,84768700,1.605121431324203,0.2331902628371566,0.77079497131484,0.7832024568847343,0,-1.3099432260310842
390.74481201171875,394.08515718858496,388.00062391684565,391.33149711527295,95937000,-0.43237788604814814,0.2560665993563779,0.7595340227004946,0.7835224407053474,0,-2.7521380976023835
387.58428955078125,393.8770046632853,385.06719773018256,392.8645136255513,86585800,-0.5997579357951095,0.25832931327677955,0.747128775944724,0.7888995820044234,0,-1.4193416487020964
394.9651794433594,395.01248157548275,385.17124122143497,387.4233771677342,79609600,1.233171851593089,0.30381457467008455,0.7356503628587985,0.7011928638275418,0,-3.1596599804583456
388.4832458496094,391.79520408065434,387.5085850110212,390.2433012195324,71874300,-1.1620278937811779,0.34137166111542283,0.7237941000801567,0.5481962303358144,0,-4.892849503789185
389.66607666015625,394.22709420031765,388.49267756993027,392.49542593941146,57508900,0.152362833262892,0.38085291626991363,0.7099986488049163,0.5439075323851857,0,-4.525768839550924
393.40380859375,393.8580303540427,385.7105989918035,386.1742927298047,59272400,0.5946828056321971,0.41438325679712845,0.6968269880894098,0.36537769037350104,0,-5.245504900627838
389.1266784667969,393.47954333395916,388.33181201108613,391.6910721501235,64350000,-0.7878121547891158,0.44525913166424447,0.6808962325203262,0.3948343407633709,0,-5.681539527508573
379.8721618652344,389.61877058958953,379.8721618652344,387.34771921360226,86289800,-1.6600132008988684,0.45251056094043707,0.6594686934000428,0.4535736135639615,0,-5.65940281869306
368.8574523925781,374.5161791416106,368.8101502618891,373.6645386433497,132893900,-2.0121887721406115,0.4248772390105989,0.6349077506013686,0.5980084797361206,0,-4.307616217592627
354.8526611328125,361.2967831487457,353.2439841844837,359.4420946590602,170004900,-2.6183198684297606,0.35314840331551,0.6075877244454412,0.7010647901811778,0,-1.135114175665913
353.78326416015625,357.63460418509334,350.67948827619625,356.6031695490491,104011800,-0.2569204416821481,0.283557251944815,0.5794085434811719,0.7009668280134498,0,1.8714516146399829
358.8270263671875,363.2744957746672,352.12739188091416,357.0858572117837,125666800,0.9098007182473631,0.229413116443418,0.5517463292306902,0.6605104655319639,0,3.1245517194200447
346.9512939453125,351.01081676127995,344.5193632718366,350.60392594515343,134473300,-2.2891808046486317,0.13901263897941576,0.5216672197175086,0.584201301955562,0,2.887496440223403
347.69921875,351.04450954430285,344.1924117569051,347.36661545178714,111113900,0.0923026417149296,0.06222452894696587,0.4934775426090994,0.5867814424870467,0,2.1858221143628067
356.4520568847656,357.8395764065463,353.3538694431423,353.4299145965904,76811900,1.6473123554074227,-0.00031078172511643114,0.46778310821389685,0.7026191993009828,0,2.29796755515638
355.8057861328125,359.9208378596493,351.8047441204501,352.2229054186672,90059400,-0.17581392745176197,-0.07110028661343175,0.44227294840185033,0.6360018774745474,0,-0.1696477494616213
359.2935791015625,360.02534683784137,354.3802275814878,357.94408234086904,79292100,0.6088952252211349,-0.12727000499537564,0.4208037121131164,0.6533989493693909,0,-0.5625637510324508
370.7169494628906,370.7264623574381,362.4393100729595,362.46781975387455,98050300,2.0945626959917902,-0.1445074262928025,0.40421883868063907,0.801755404060653,0,-0.7008868393382373
369.3009338378906,371.93342448126845,368.20802402579585,371.63881476677494,66009600,-0.31137315907504576,-0.14367244003858057,0.3853110754297471,0.7369413082935145,0,-3.624241351070374
361.75506591796875,373.64409647087297,361.64102718888944,370.859544492515,86548900,-1.433702472827892,-0.13067660181896096,0.36552840740614073,0.6698556539071281,0,-4.544627853207356
361.46044921875,363.29463974904866,359.63577158326706,362.3062847809654,65676000,-0.10834816275056511,-0.11622200836797689,0.3455706043772453,0.670776680338189,0,-3.7317114227904224
358.5238342285156,361.7645700473963,354.06663699104956,357.5639599441416,112508300,-0.6021797402529783,-0.1167928581089416,0.32198627433289173,0.6708254802755568,0,-4.8086050154399445
362.31573486328125,362.7529219458162,355.2450444294537,357.86805091376164,74839700,0.6611777074111341,-0.08786470991713664,0.29994803896632033,0.6211003685005071,0,-4.9280536823439025
363.0,363.01902578805715,354.3897288005455,357.22181596212545,81438000,0.07425709563523332,-0.05905642006047621,0.280538081778442,0.6002106572649419,0,-5.815032070059517
364.2259521484375,366.715894004098,360.7571393570924,363.14252639295074,70426200,0.174827949751195,-0.04441974076861451,0.2658747729773193,0.6008949335987441,0,-4.613355794852376
369.6810302734375,370.4793302796413,364.2449625145711,366.0031367080708,64525900,0.9584777265900224,-0.018295450217433635,0.2523859746580385,0.6272084336857173,0,-6.252691656039208
369.3769836425781,371.2491967887842,366.516386504775,368.04645446042775,72397800,-0.10889181415972078,0.00068956995985545,0.24320645856158862,0.6171354964117743,0,-8.309164581448188
365.1573486328125,367.6662874925925,364.4635744126361,366.696929365384,58366900,-0.8250724994452603,-0.009778038823206867,0.232020270544551,0.5554494440581368,0,-6.4700182206132375
361.92608642578125,366.99152847059673,360.17742508846254,364.6061122917404,62219200,-0.6511348404207103,-0.023663391369939984,0.215859611480931,0.43582486054657466,0,-3.6049258503933452
360.025390625,362.96203282628903,356.06239989210513,356.48056122161495,84224600,-0.4081104882601098,-0.026920021628460588,0.20461875844156519,0.17186732282996625,0,-3.164407291031221
359.15106201171875,360.234458871572,352.6220841639683,355.064490796516,89704800,-0.21739191642339528,-0.03126813268007157,0.19216446836607767,0.17102741193154758,0,-3.5065243644040196
366.01275634765625,366.12679509569773,361.6506002186676,363.5608072538298,79060400,1.2373603595011817,-0.01716800043210849,0.18161778638417408,0.2014345872288219,0,-5.226882926801628
362.990478515625,369.7760425251106,361.7645044246578,369.10129418165167,63203600,-0.6111645465686096,-0.015897594013112033,0.16541251008571514,-0.03527843675056215,0,-7.033390668889079
372.7982482910156,373.3684709198661,366.25978635540963,366.91550902545094,78506000,1.772006040232111,0.002550534369555435,0.15833815492063885,0.09213753754270079,0,-6.903389275804994
375.17413330078125,376.5901914099878,371.619791193265,372.98831383414614,71843800,0.3772162152754243,0.023163754759197155,0.153039315082258,-0.011980520883163112,0,-8.951560050790093
378.99462890625,379.04213537491796,372.1900378364041,374.5944510061109,64903900,0.6346167626962113,0.040699385433130945,0.15387438509106707,-0.005252114939771933,0,-7.599213422498017
375.478271484375,380.31560739398503,373.2544293512537,379.1181717855212,72197300,-0.6801274876532003,0.05218688177554246,0.15305688146587929,0.01613636374433992,0,-9.826692908033777
375.93450927734375,376.78982883535605,373.69164103348083,376.1055673883999,53631500,0.02875749719662847,0.07247810498870019,0.15467129879932828,-0.20341198188264456,0,-7.463881329803481
371.4866943359375,374.49932302499343,370.59335250949107,374.29024240597994,52946400,-0.8526154124024314,0.09047880438969695,0.15475630262164017,-0.16892682267738846,0,-6.752214970887057
381.1329345703125,382.8815960228277,374.4898888264092,374.78449853291994,82342100,1.7008841712972311,0.13022005904875397,0.15513143918180836,-0.1399381414729159,0,-6.431663924716466
385.9132385253906,386.60698374585616,378.38636390787866,381.9407350618802,73966600,0.7939890742074545,0.18060784811677724,0.15788844170435298,-0.12119746143692409,2,-8.752366745713118
391.5393371582031,392.52772101696127,386.5784500823875,387.3482404042619,87003700,0.9315551179937129,0.22866925929731455,0.15983107909825936,-0.12885949988756118,2,-7.957960722749667
390.3799133300781,392.8888811641739,388.1275616169894,388.84033261494034,69997500,-0.25337757922587917,0.2802380494298372,0.1672044766525693,-0.12661810136202928,2,-8.116187277708816
387.8043518066406,392.49913800517675,386.62591331238633,388.8117322619327,63435400,-0.49903920203330965,0.30849152045421246,0.17446317537874617,-0.10205887187488312,2,-6.837357323506814
393.8772277832031,395.04615354744396,389.64810866127794,389.93320543237974,67820600,1.0045822046491077,0.34370568097729753,0.18394899954142405,-0.06795086607957283,2,-6.900625817791269
393.6111755371094,394.48549174301655,391.96703995040895,393.80123040665455,45656600,-0.0989618959547793,0.37122569483575285,0.1907358891158968,-0.09432006612267226,2,-8.319272162168884
392.9459533691406,393.59219220020464,389.2680591655284,389.32507853281464,56814900,-0.16750338533129078,0.40411382222207715,0.1983523189671612,-0.0924707448903487,2,-6.666448727442291
392.48974609375,396.8899240250277,391.3873233872075,394.63757214293867,53886100,-0.1317621323791674,0.43528399929082545,0.204556379385592,-0.14108229946761938,2,-7.040249845672279
390.9311218261719,392.26162182953084,389.85720892972773,391.75793150673337,44931800,-0.32160481317235734,0.47189394057963985,0.2073428929727668,-0.16603465638356524,2,-7.257439515773471
399.1423034667969,399.2848808891106,396.0346319089587,397.9923742118508,68665700,1.3656401194098988,0.5058019555253112,0.2096757616007239,-0.12302932550077665,2,-8.684560629348907
399.1423034667969,403.8561172277085,398.4010226822332,401.99338786938506,59489700,-0.05332945230501467,0.5307096207704841,0.21283919367834236,-0.13079748723662576,2,-10.799160911425691
405.8993225097656,406.00384833286853,400.1306223802401,401.08098369306896,61694500,1.0903255991678997,0.5577465814057602,0.21973867825358928,-0.14448780162652436,2,-9.826811735242757
407.57196044921875,408.09467660080554,403.6279665910464,403.68498595264106,54048300,0.2250590445124106,0.5901157440351242,0.22448779835008267,-0.19231454664795744,2,-10.324254049572932
408.3702392578125,410.2994714282671,405.69021358179475,406.49802644193505,59289000,0.07898825620190332,0.6288371685932859,0.23197945859307556,-0.3178530578829153,2,-10.2381400071408
405.4716796875,408.18021543915523,403.4664310836019,404.7684215424708,63563400,-0.5328374054108072,0.6506671866642981,0.2379336119125845,-0.28266803066418544,2,-11.762271043256959
406.650146484375,407.3343788381746,404.3787688555106,405.67124641632466,49023200,0.14301764882216098,0.6752169431992072,0.2429236604786745,-0.29394127055317404,2,-7.57023664758039
401.1855773925781,404.1507003354797,400.31123213885485,403.88460030221233,68016900,-0.9611555371907777,0.6907304959582918,0.24746638706394547,-0.2598989136303191,2,-7.112749419796135
392.8318786621094,396.51928542351556,391.92902375820364,396.3481983345936,77695600,-1.4600284110609691,0.6913746626866213,0.25234846215165435,-0.11684173041234203,2,-6.779599916926424
391.8815002441406,394.7991164880296,391.3302744311885,392.4041873745743,49105200,-0.21676913500742315,0.693164033862578,0.26102188705715934,-0.16175993799257904,2,-4.79670585486506
393.1359558105469,394.50444934461694,390.96913329441026,391.6533655600833,49177800,0.16292655975290396,0.6818552907707089,0.27544364658716886,-0.3126924606436262,2,-5.148647878096725
398.6861572265625,398.7336636998838,393.5351851989176,394.6280951098861,50942300,0.9004185628521395,0.6809964592580572,0.29235908533027394,-0.30227336541553473,2,-5.571608810374865
385.1908874511719,399.1136729342151,385.1338681006036,398.57198910381624,103087000,-2.3400762675513587,0.6420066462610374,0.3022906564773346,-0.052705961964852735,2,-6.2186195741696135
382.64398193359375,385.69463364222986,381.28497221012304,382.2353335276929,65370800,-0.5000176717377505,0.5950722826566474,0.31573650452880875,-0.04599588818326877,2,-4.177520520083611
378.44342041015625,384.0410632057968,376.3431297512481,383.80347284610536,85652400,-0.7949472295429171,0.538726109362323,0.3273182005927789,-0.03033351565813425,2,-2.821724712308808
375.5638122558594,381.3230000374987,375.43077674086555,380.07802891985665,76029700,-0.5673732278140221,0.482415617767962,0.3345178197080738,-0.09300543427570432,2,-1.654392921927877
376.74224853515625,377.08436469022797,370.678938652205,373.3874742240931,78740100,0.1586481787514613,0.42610506871514614,0.34240482704945857,-0.08673476125631446,2,-1.1554620349582203
372.76971435546875,381.62708880615634,370.95452075647603,380.4106274783638,99632100,-0.765675445973603,0.37260372093918126,0.34748144293797373,-0.0708516200594376,2,-2.445431099455136
371.36322021484375,374.5564205138696,369.1393780774377,373.61557203339373,76637400,-0.3082265997984347,0.33218256039337746,0.34772490059893074,-0.07104209924052382,0,-1.8491222614256317
378.0346984863281,378.80448878191197,370.8309729416289,371.0495374683232,70964200,1.1603132697861032,0.30611182112136975,0.35101501067466345,0.02052896905470861,0,0.5338530489788482
380.50567626953125,380.9618311489722,374.5564050265275,375.7633824847431,80821700,0.38824592187613455,0.28233154820306816,0.35807858228749084,-0.08386865848262717,0,-0.7294983301057274
386.41693115234375,387.28176346215974,382.4824212375365,382.74852125573165,76706900,0.996179663097915,0.2592310662546056,0.36747997744407374,-0.013932561032542217,0,-1.2490273904148077
390.57000732421875,391.2922912350759,388.1845910416869,388.488713636019,69256300,0.6727454390507213,0.2693588657404302,0.3795521411941836,-0.05812081818834201,0,-3.513829243960515
373.5870666503906,383.09068051072757,372.4656471755256,381.883702988719,122947100,-2.990855130509227,0.25230651812349103,0.3837981821367144,0.2738159533043625,0,-5.213714264585374
375.0125732421875,376.53315711649486,371.7053054907733,374.88902163325827,85023700,0.20444808250850233,0.24584692380253173,0.38832345730160833,0.2787899356546278,0,-2.391116063936044
370.7550354003906,376.30514325462246,369.4815544306654,373.4540586649514,87633800,-0.8203029492105781,0.23679296536440636,0.3907830384166541,0.2868015462755499,0,-2.119650514045634
367.9264831542969,368.58492846304785,364.6342566105422,366.5714428970576,103084800,-0.5687299290225922,0.2201946544513534,0.39012208024026546,0.27785596284930125,0,-1.8573541296368061
370.7797546386719,370.7797546386719,364.701089599931,364.77744712887517,73278500,0.47057213691534905,0.2164479610382601,0.3906505202857642,0.289864005536458,0,-0.3679722862698288
366.523681640625,368.46083864395223,363.7658706233505,367.4493199597632,77274900,-0.8287918157403472,0.20733608447845414,0.3911652337199785,0.24512177891063755,0,-0.3804872493310276
360.13018798828125,371.5050138173394,360.12063601648464,368.4513532726731,106746600,-1.2317596612120272,0.1736254967808908,0.39048869802408326,0.2807528699932862,0,-0.03693660191150594
357.1051940917969,360.99858405499543,356.36086825522057,359.3572464253826,89472600,-0.6207860424109589,0.12956710117695475,0.3893886262424687,0.2728946983195493,0,-0.5110510181799639
351.12188720703125,353.6697589480902,346.675007940967,353.6315801864885,122346900,-1.185241755400088,0.06311364106490039,0.38636394330354284,0.22378943807200363,0,-0.7411774153770658
347.6484375,353.2785977292494,346.4269789108684,349.6524007332908,92581200,-0.7216284071569361,-0.01769903146441766,0.3794458921644553,0.06432084865999015,0,-0.18211029256750622
346.7608947753906,353.4598260291323,344.3656797923764,351.1886701822386,108294100,-0.22580068030447947,-0.06820731091057977,0.37333202041062324,0.06491313169249853,0,0.5786141450100953
353.5838623046875,355.27290112408883,346.01654670922136,347.71513749904915,110802200,1.2759333708423748,-0.10855325834003586,0.36609373915650817,0.17210632431711928,0,1.761222536083431
346.1979064941406,350.3203103402681,343.24923029563433,350.03404240715685,112952300,-1.464507911435638,-0.15478938681083665,0.3551780596516452,0.22801831263322586,0,-0.5318134661172143
340.8444519042969,349.17519794486384,340.7108699138818,345.25315265968237,153711200,-1.097995198818958,-0.20577939793573558,0.340806447088491,0.2406316445147425,0,1.2679715324826022
349.84320068359375,351.6944777642895,342.7816430249758,344.56611454293574,89756500,1.73025454667523,-0.24519871287676245,0.33114941966345374,0.4028965396679273,0,2.0462320263681795
360.68365478515625,360.7122815791371,349.8050362444443,355.3683901017397,103602800,2.0400198707746315,-0.25619430739407006,0.32540424652814914,0.587771059052512,0,-0.5769359406702532
359.8439025878906,362.1055067151951,353.9847287224127,356.3131384107271,88065700,-0.21061628105858662,-0.25673332515149205,0.3210182723255165,0.5238721585126462,0,-1.4542500683958781
356.1318359375,361.3993701215644,355.6355993235401,358.44114174816866,82333500,-0.750227561632908,-0.2585659625433461,0.3116000695427191,0.5191477200151106,0,-1.4749101640808355
346.1979064941406,356.2176918591457,344.432509914981,352.09525889115315,107789500,-1.9377504788210034,-0.26783682664550185,0.29663884499215054,0.5470348880691668,0,-0.7246826024479271
343.5545654296875,347.55293916401916,341.31206538570666,347.3143728510966,76042800,-0.56914738258627,-0.2755447633391041,0.27856242694097605,0.5021905201989061,0,1.213067876373076
341.37884521484375,346.4269166005978,339.44168789952687,341.8559778454328,92482800,-0.4811631534845233,-0.28567807883651597,0.26010315829598724,0.24039591004370897,0,1.7822152589593456
340.2528076171875,343.36372158176107,340.0046893387279,341.7891897787711,76991800,-0.27616473475298964,-0.31077777023511727,0.24218994206541702,0.22707087498727904,0,2.2633784124438687
349.2324523925781,350.7020290219594,332.18925999717504,333.23895758959026,147254500,1.7295628435675008,-0.30506433139842226,0.22537173923374276,0.3862390809183635,0,2.5395431471968593
341.27386474609375,353.3262387618921,340.6344942548241,351.6944243183575,123737000,-1.592862722839549,-0.304255833491515,0.2056556694171504,0.4499346054196244,0,0.8099803036293582
350.04364013671875,351.1505914925585,340.9399400894957,347.3621566992135,93168200,1.682684090577098,-0.30387844636532985,0.18949387221741754,0.5694203263678234,0,2.402843026468908
354.1564636230469,358.27889645424324,350.71155095897484,357.97352458781444,97162900,0.7404238561130515,-0.31616783289243094,0.17505328170810766,0.5864951471957347,0,0.7201589358918103
351.6467590332031,354.8435535760599,348.8316647816131,352.11433970586495,79746900,-0.5320643662318411,-0.33160140348348155,0.16025440825014048,0.5495338026655222,0,-0.020264920221242017
348.69805908203125,355.6260339289677,347.9346294295258,351.1982293100266,88283100,-0.6198186496994214,-0.3455977083049807,0.14125147842620317,0.549499221818062,0,0.5117994460105995
357.17193603515625,357.65859149270045,346.9135849578602,348.4213111862988,131038400,1.5883950971709053,-0.32493582060476095,0.12544075597975377,0.5998596697634476,0,1.1316180957100206
361.54248046875,362.67805847697105,356.0459031598392,358.698788584184,85436900,0.7733285630345654,-0.2910681989522846,0.10873102096840993,0.5970348213468494,0,-0.4567770014608836
367.3157958984375,367.63069061993605,361.351638036336,361.46614520779,78846300,1.0254523749761217,-0.24223414394016715,0.09356605855754545,0.6213808174297505,0,-1.2301055644954508
364.54840087890625,369.85411334727513,363.90905946867207,364.16670060269513,104087300,-0.562307696317764,-0.19649043442055478,0.07705786560854365,0.5891940301426312,0,-2.255557939471572
362.601806640625,367.3922088540167,361.98151078272514,365.550483471608,81971800,-0.4140641397285068,-0.17131863266212463,0.06090828900160561,0.5116835274510237,0,-1.6932502431538081
371.22821044921875,371.7053430142965,362.31537762818976,362.49669033266815,100302000,1.553861538771815,-0.11492063184224847,0.04756443633984669,0.5210562589663067,0,-1.279186103425301
368.5467529296875,370.63659603718315,367.6402184672529,368.7662444084812,96631300,-0.5413045035612798,-0.08008299656853789,0.03526901397067942,0.452725743229025,0,-2.8330476421971165
366.93402099609375,372.53558182792375,365.76029351237366,372.2970155430231,85407600,-0.348951802480358,-0.056025429151001886,0.025512991696585146,0.30790050573316086,0,-2.2917431386358365
357.7254638671875,370.85616501782636,357.6205086522629,366.34247921682703,126990400,-1.7487259267477948,-0.0445804520645868,0.012646018065572943,0.42388898568085603,0,-1.9427913361554787
354.0419616699219,357.08607016392386,351.92349163838855,354.4809155332156,87100100,-0.7489601626668847,-0.034518959634733566,-0.002081141321040126,0.4238223862360799,0,-0.19406540940768346
359.1377258300781,361.5424637304622,353.0781357834755,359.75799240640606,103505200,0.9190197238779177,-0.030817773317245698,-0.016979492473688435,0.30710224207185327,0,0.5548947532592008
362.57305908203125,363.164698821556,358.3551942624768,360.4354853214063,68286900,0.5928832848377246,-0.02887740132405211,-0.02549988980564779,0.297969614955552,0,-0.3641249706187175
364.5293273925781,367.5066303285375,360.4450732662479,363.68001733717375,84641100,0.3111730869445415,-0.034123760387792496,-0.032323889515151534,0.28218465137438126,0,-0.9570082554564414
357.01922607421875,363.7086341105511,356.5229895570527,362.5539523085774,78495500,-1.4451427799142536,-0.048299680336644814,-0.0403946311124466,0.3771715531882557,0,-1.268181342400983
376.63897705078125,376.9729757332263,368.0028876550996,370.30264142200895,141455800,3.6591969902657597,-0.02187051522828662,-0.0399896041089443,0.7275588781046706,2,0.1769614375132709
380.2842102050781,381.0857894279382,375.6082877222695,377.49774318306464,93839900,0.6005048766064177,-0.004819891364969941,-0.038655306214833624,0.6135314387092193,2,-3.4822355527524875
377.0492858886719,381.8778657875463,376.77254080840333,378.5188625471577,71903500,-0.6280060343210664,0.01118866597573638,-0.03704314216095899,0.5710709337306276,2,-4.082740429358906
380.2651672363281,383.91046764433503,376.44810606485254,382.8035164099832,93194500,0.5228656510003966,0.03628852974969914,-0.03368967584168296,0.564427369167173,2,-3.4547343950378395
377.3641662597656,379.58759125179506,376.73434776440064,378.63332609915625,68508500,-0.5687111582390901,0.07326425155698152,-0.0339422730805047,0.5663820955480772,2,-3.977600046038236
376.20953369140625,376.88708300619,372.2970693510568,372.60241210724644,74496300,-0.2600343725252366,0.11500132561738824,-0.03556067963850607,0.5497611489927823,2,-3.4088888877991455
377.9176940917969,379.6162851991159,375.06445009963727,379.54947963736595,92922500,0.25340779905739175,0.15036022398621987,-0.0387624404615382,0.47740568545432044,2,-3.148854515273909
376.54351806640625,377.7172747970653,374.7017931399619,376.59124880158924,51243200,-0.2989772134653566,0.17666378491402981,-0.044046381063549474,0.46805210851998913,2,-3.402262314331301
381.61065673828125,381.7728946397623,377.07789693039774,378.49021994388283,60429000,0.8557781360370521,0.2088244882721081,-0.04102380195198143,0.45720184251870005,2,-3.1032851008659446
384.0154113769531,384.5020668220049,381.0476314864747,381.2766458135579,68261600,0.3723845608380134,0.25965286876577015,-0.037632328784371956,0.4428188673685112,2,-3.9590632369029963
383.92950439453125,384.4829945177539,383.17565585566234,383.45237179541095,30545400,-0.0684423408443641,0.2733794636039699,-0.03266935406214782,0.43277760401629983,2,-4.33144779774101
377.8031921386719,382.4790864541177,377.0397623978261,380.837748913633,67881600,-1.1313208857454555,0.2687082062067929,-0.028948683646510865,0.4061235496416361,2,-4.2630054568966465
377.1542663574219,379.1295732981502,375.312512286855,377.9367417321205,52310000,-0.1693666079440992,0.2689058632887173,-0.026547331414345225,0.3951701458207261,2,-3.1316845711511903
389.0348815917969,389.0348815917969,375.4843314190897,377.4023849238339,144566700,2.074748710606045,0.28541746939461193,-0.018067102239697656,0.5349774360611564,2,-2.9623179632070915
388.7486267089844,391.2487972907091,386.2389041546695,390.07504041496463,76398200,-0.10303810929847242,0.30685211584332056,-0.007286205641622014,0.3965123390954243,2,-5.037066673813135
388.300048828125,389.20658327820155,383.7482143923798,383.8531695839399,85342700,-0.13128313843294498,0.3296161210848795,0.004465256644160448,0.36295104675079964,2,-4.934028564514664
381.3148193359375,386.4105918965586,379.9597790901639,385.4754306592434,77289800,-1.268622190447792,0.33601222381411594,0.015839283104903946,0.42896986155591094,2,-4.802745426081719
375.8182678222656,381.6965452135378,373.72845373229296,381.15263615766594,77972200,-1.0271395815741364,0.33464672365367043,0.02645118373489714,0.4700329767315489,2,-3.5341232356339267
375.1789245605469,377.54551283524984,374.0433465972937,374.9689850432598,65927900,-0.16825692985989793,0.3225370671708302,0.037156583970905495,0.4698196447277039,2,-2.5069836540597907
378.11810302734375,379.18687558828674,375.2839336975472,377.06843441190426,60737900,0.47591363239891316,0.31143362313527534,0.04639891598365409,0.3836392808008819,2,-2.3387267241998932
375.29339599609375,379.43490324109257,375.16933686743675,376.8774796353652,81447700,-0.5580065648017505,0.2951735701412012,0.05735952312411323,-0.20665406560317465,2,-2.8146403565988063
380.7041015625,380.7041015625,375.417464361826,376.08543250830934,75405800,0.9206519143443849,0.30063539840762077,0.0723751137925769,-0.17722052766641275,2,-2.2566337917970563
383.5859375,391.7162655428249,380.8185745770229,391.4586244536652,123782500,0.4580571738541507,0.31274493997355335,0.08508639270279175,-0.1853559416043514,2,-3.177285706141441
381.133544921875,386.95456892239247,378.18486871743545,383.24246302501166,108111300,-0.4852411683208254,0.29786831417758836,0.09279010264859171,-0.1893259811649821,2,-3.6353428799955916
371.8103942871094,377.1733606249857,370.1499819805847,376.2667969393166,117705900,-1.705874077480487,0.2659770335105393,0.09729801836370355,-0.05899336890460765,2,-3.1501017116747665
367.4207458496094,370.59386612148,365.2829810609633,369.2517657317392,119858000,-0.8509124396080605,0.2266655106293069,0.101550681189065,-0.03244596286847073,2,-1.4442276341942795
364.3052062988281,367.9480842909995,362.63716903863775,367.6125518205153,79878100,-0.6261746325905282,0.19463983463824094,0.10837191028439906,-0.02920891214994792,2,-0.5933151945862186
364.8036193847656,366.4237355185501,362.22485603598886,363.5477938735729,74427200,0.0390960304206654,0.1739014697356827,0.11637667447619555,-0.028076962661980346,2,0.03285943800430946
370.2583312988281,371.38952801231983,366.86471190276114,367.40155201274337,78167400,0.9568077107688558,0.16463698352192604,0.1272559106328405,-0.017386914495721547,2,-0.006236592416355852
364.9761657714844,370.23912957543627,359.2722031883447,367.20980089104194,100120900,-1.0171026313582712,0.13989336216305953,0.13656948536764324,0.0015627220061481283,2,-0.9630443031852116
367.07562255859375,367.21941379519086,362.39741929068407,363.950423157118,59857300,0.3352770871641791,0.12442094965707284,0.14329121377564796,0.015101162015337725,0,0.05405832817305936
365.6280822753906,367.30571508666856,363.95044946411275,366.960616093891,51638200,-0.31973470493338085,0.09603584131447433,0.1524657289710009,-0.028774387505155055,0,-0.2812187589911197
361.0841064453125,367.5358135013805,360.854040448147,365.56097308852884,70911500,-0.8929134203632013,0.053669424806882894,0.1566248002197544,-0.0032507575941900574,0,0.03851594594226118
367.5837097167969,368.45608223881914,363.40399242752494,363.93126597675223,66970900,1.162705743049006,0.028157813751213946,0.1616829989966465,-0.17880378719861342,0,0.9314293663054625
366.615478515625,366.75926975895635,362.7808893302895,364.89952091921486,84022200,-0.23127637674354348,0.01837683349402262,0.16732188861325045,-0.1798990544069602,0,-0.23127637674354348
